{
"type": "FeatureCollection",
"name": "parcels",
"xy_coordinate_resolution": 1e-14,
"features": [
{"type":"Feature","properties":{"id":"CP.2526318604","metadataproperty":null,"description_href":null,"description_title":null,"description_nilreason":null,"description":null,"descriptionreference_href":null,"descriptionreference_title":null,"descriptionreference_nilreason":null,"identifier_codespace":null,"identifier":null,"name":null,"location_location":null,"areavalue_nilreason":null,"areavalue_uom":"m2","areavalue_nil":false,"areavalue":1395.0,"beginlifespanversion_nilreason":null,"beginlifespanversion":"2022-09-29T00:24:49","endlifespanversion_nilreason":"http://inspire.ec.europa.eu/codelist/VoidReasonValue/Unpopulated","endlifespanversion_nil":false,"endlifespanversion":null,"inspireid_identifier_localid":"CP.2526318604","inspireid_identifier_namespace":"CZ-00025712-CUZK_CP","inspireid_identifier_versionid_nilreason":null,"inspireid_identifier_versionid_nil":false,"inspireid_identifier_versionid":null,"label":"1185/3","nationalcadastralreference":"659541-1185/3","validfrom_nilreason":"http://inspire.ec.europa.eu/codelist/VoidReasonValue/Unpopulated","validfrom_nil":false,"validfrom":null,"validto_nilreason":null,"validto_nil":false,"validto":null,"basicpropertyunit":null,"administrativeunit_owns":false,"administrativeunit_href":"http://services.cuzk.cz/wfs/inspire-au-wfs.asp?service=WFS&VERSION=2.0.0&request=GetFeature&storedQuery_id=urn:ogc:def:query:OGC-WFS::GetFeatureById&Id=AU.572659","administrativeunit_title":"Jičín","administrativeunit_nilreason":null,"zoning_owns":false,"zoning_href":"http://services.cuzk.cz/wfs/inspire-cp-wfs.asp?service=WFS&VERSION=2.0.0&request=GetFeature&storedQuery_id=urn:ogc:def:query:OGC-WFS::GetFeatureById&Id=CZ.659541","zoning_title":"Jičín","zoning_nilreason":null},"geometry":{"type":"Polygon","coordinates":[[[15.353957,50.43494],[15.35392,50.434954],[15.353514,50.434963],[15.353551,50.434951],[15.353762,50.434861],[15.354079,50.434701],[15.354362,50.434566],[15.354393,50.434548],[15.35442,50.434527],[15.354427,50.434519],[15.354827,50.434378],[15.354786,50.434428],[15.354652,50.434592],[15.354112,50.434872],[15.354106,50.434875],[15.354051,50.434898],[15.353957,50.43494]]]}},
{"type":"Feature","properties":{"id":"CP.1756343604","metadataproperty":null,"description_href":null,"description_title":null,"description_nilreason":null,"description":null,"descriptionreference_href":null,"descriptionreference_title":null,"descriptionreference_nilreason":null,"identifier_codespace":null,"identifier":null,"name":null,"location_location":null,"areavalue_nilreason":null,"areavalue_uom":"m2","areavalue_nil":false,"areavalue":23.0,"beginlifespanversion_nilreason":null,"beginlifespanversion":"2022-09-29T05:02:57","endlifespanversion_nilreason":"http://inspire.ec.europa.eu/codelist/VoidReasonValue/Unpopulated","endlifespanversion_nil":false,"endlifespanversion":null,"inspireid_identifier_localid":"CP.1756343604","inspireid_identifier_namespace":"CZ-00025712-CUZK_CP","inspireid_identifier_versionid_nilreason":null,"inspireid_identifier_versionid_nil":false,"inspireid_identifier_versionid":null,"label":"st. 2344","nationalcadastralreference":"659541-st. 2344","validfrom_nilreason":"http://inspire.ec.europa.eu/codelist/VoidReasonValue/Unpopulated","validfrom_nil":false,"validfrom":null,"validto_nilreason":null,"validto_nil":false,"validto":null,"basicpropertyunit":null,"administrativeunit_owns":false,"administrativeunit_href":"http://services.cuzk.cz/wfs/inspire-au-wfs.asp?service=WFS&VERSION=2.0.0&request=GetFeature&storedQuery_id=urn:ogc:def:query:OGC-WFS::GetFeatureById&Id=AU.572659","administrativeunit_title":"Jičín","administrativeunit_nilreason":null,"zoning_owns":false,"zoning_href":"http://services.cuzk.cz/wfs/inspire-cp-wfs.asp?service=WFS&VERSION=2.0.0&request=GetFeature&storedQuery_id=urn:ogc:def:query:OGC-WFS::GetFeatureById&Id=CZ.659541","zoning_title":"Jičín","zoning_nilreason":null},"geometry":{"type":"Polygon","coordinates":[[[15.355463,50.435064],[15.355505,50.435052],[15.355545,50.435108],[15.355503,50.43512],[15.355463,50.435064]]]}},
{"type":"Feature","properties":{"id":"CP.1760182604","metadataproperty":null,"description_href":null,"description_title":null,"description_nilreason":null,"description":null,"descriptionreference_href":null,"descriptionreference_title":null,"descriptionreference_nilreason":null,"identifier_codespace":null,"identifier":null,"name":null,"location_location":null,"areavalue_nilreason":null,"areavalue_uom":"m2","areavalue_nil":false,"areavalue":470.0,"beginlifespanversion_nilreason":null,"beginlifespanversion":"2022-09-29T05:02:57","endlifespanversion_nilreason":"http://inspire.ec.europa.eu/codelist/VoidReasonValue/Unpopulated","endlifespanversion_nil":false,"endlifespanversion":null,"inspireid_identifier_localid":"CP.1760182604","inspireid_identifier_namespace":"CZ-00025712-CUZK_CP","inspireid_identifier_versionid_nilreason":null,"inspireid_identifier_versionid_nil":false,"inspireid_identifier_versionid":null,"label":"783/3","nationalcadastralreference":"659541-783/3","validfrom_nilreason":"http://inspire.ec.europa.eu/codelist/VoidReasonValue/Unpopulated","validfrom_nil":false,"validfrom":null,"validto_nilreason":null,"validto_nil":false,"validto":null,"basicpropertyunit":null,"administrativeunit_owns":false,"administrativeunit_href":"http://services.cuzk.cz/wfs/inspire-au-wfs.asp?service=WFS&VERSION=2.0.0&request=GetFeature&storedQuery_id=urn:ogc:def:query:OGC-WFS::GetFeatureById&Id=AU.572659","administrativeunit_title":"Jičín","administrativeunit_nilreason":null,"zoning_owns":false,"zoning_href":"http://services.cuzk.cz/wfs/inspire-cp-wfs.asp?service=WFS&VERSION=2.0.0&request=GetFeature&storedQuery_id=urn:ogc:def:query:OGC-WFS::GetFeatureById&Id=CZ.659541","zoning_title":"Jičín","zoning_nilreason":null},"geometry":{"type":"Polygon","coordinates":[[[15.355114,50.435261],[15.355009,50.435287],[15.354929,50.435306],[15.354897,50.435251],[15.354774,50.435279],[15.354739,50.435204],[15.354834,50.435194],[15.35498,50.435146],[15.355122,50.435103],[15.355155,50.435158],[15.355262,50.43513],[15.355312,50.435213],[15.355278,50.435221],[15.355114,50.435261]]]}},
{"type":"Feature","properties":{"id":"CP.1757869604","metadataproperty":null,"description_href":null,"description_title":null,"description_nilreason":null,"description":null,"descriptionreference_href":null,"descriptionreference_title":null,"descriptionreference_nilreason":null,"identifier_codespace":null,"identifier":null,"name":null,"location_location":null,"areavalue_nilreason":null,"areavalue_uom":"m2","areavalue_nil":false,"areavalue":2474.0,"beginlifespanversion_nilreason":null,"beginlifespanversion":"2022-09-29T05:02:57","endlifespanversion_nilreason":"http://inspire.ec.europa.eu/codelist/VoidReasonValue/Unpopulated","endlifespanversion_nil":false,"endlifespanversion":null,"inspireid_identifier_localid":"CP.1757869604","inspireid_identifier_namespace":"CZ-00025712-CUZK_CP","inspireid_identifier_versionid_nilreason":null,"inspireid_identifier_versionid_nil":false,"inspireid_identifier_versionid":null,"label":"15/1","nationalcadastralreference":"659541-15/1","validfrom_nilreason":"http://inspire.ec.europa.eu/codelist/VoidReasonValue/Unpopulated","validfrom_nil":false,"validfrom":null,"validto_nilreason":null,"validto_nil":false,"validto":null,"basicpropertyunit":null,"administrativeunit_owns":false,"administrativeunit_href":"http://services.cuzk.cz/wfs/inspire-au-wfs.asp?service=WFS&VERSION=2.0.0&request=GetFeature&storedQuery_id=urn:ogc:def:query:OGC-WFS::GetFeatureById&Id=AU.572659","administrativeunit_title":"Jičín","administrativeunit_nilreason":null,"zoning_owns":false,"zoning_href":"http://services.cuzk.cz/wfs/inspire-cp-wfs.asp?service=WFS&VERSION=2.0.0&request=GetFeature&storedQuery_id=urn:ogc:def:query:OGC-WFS::GetFeatureById&Id=CZ.659541","zoning_title":"Jičín","zoning_nilreason":null},"geometry":{"type":"Polygon","coordinates":[[[15.35455,50.435234],[15.354515,50.435238],[15.354391,50.435244],[15.354319,50.435265],[15.354293,50.43522],[15.354281,50.435188],[15.354281,50.435187],[15.354272,50.435155],[15.35427,50.435096],[15.354277,50.435061],[15.354283,50.435046],[15.35429,50.435031],[15.354298,50.435017],[15.354307,50.435002],[15.354317,50.434988],[15.354328,50.434974],[15.35434,50.434961],[15.354353,50.434947],[15.354367,50.434934],[15.354381,50.434922],[15.354396,50.43491],[15.354416,50.434897],[15.354436,50.434885],[15.354456,50.434873],[15.354477,50.434862],[15.354499,50.434852],[15.354522,50.434841],[15.354545,50.434832],[15.354568,50.434822],[15.354592,50.434814],[15.354616,50.434806],[15.354633,50.434801],[15.354965,50.434691],[15.354982,50.434716],[15.355046,50.434811],[15.355059,50.434831],[15.355151,50.434966],[15.355155,50.434972],[15.355157,50.434976],[15.35518,50.435009],[15.355198,50.435038],[15.355493,50.434956],[15.355548,50.435033],[15.355543,50.435035],[15.355547,50.43504],[15.355505,50.435052],[15.355463,50.435064],[15.355421,50.435076],[15.355378,50.435088],[15.355336,50.435101],[15.355295,50.435113],[15.355291,50.435108],[15.355286,50.435109],[15.355331,50.435173],[15.355336,50.435172],[15.355334,50.435169],[15.355375,50.435157],[15.355418,50.435145],[15.355461,50.435133],[15.355503,50.43512],[15.355545,50.435108],[15.355587,50.435096],[15.355588,50.435099],[15.355593,50.435097],[15.355611,50.435124],[15.355312,50.435213],[15.355262,50.43513],[15.355155,50.435158],[15.355122,50.435103],[15.35498,50.435146],[15.354834,50.435194],[15.354739,50.435204],[15.35455,50.435234]],[[15.354932,50.434967],[15.354824,50.434816],[15.354631,50.434872],[15.354703,50.434972],[15.354708,50.434979],[15.35463,50.435002],[15.354658,50.43504],[15.354736,50.435017],[15.354741,50.435025],[15.354812,50.435123],[15.355004,50.435067],[15.354984,50.43504],[15.355062,50.435017],[15.35501,50.434944],[15.354932,50.434967]]]}},
{"type":"Feature","properties":{"id":"CP.1756328604","metadataproperty":null,"description_href":null,"description_title":null,"description_nilreason":null,"description":null,"descriptionreference_href":null,"descriptionreference_title":null,"descriptionreference_nilreason":null,"identifier_codespace":null,"identifier":null,"name":null,"location_location":null,"areavalue_nilreason":null,"areavalue_uom":"m2","areavalue_nil":false,"areavalue":544.0,"beginlifespanversion_nilreason":null,"beginlifespanversion":"2022-09-29T05:02:57","endlifespanversion_nilreason":"http://inspire.ec.europa.eu/codelist/VoidReasonValue/Unpopulated","endlifespanversion_nil":false,"endlifespanversion":null,"inspireid_identifier_localid":"CP.1756328604","inspireid_identifier_namespace":"CZ-00025712-CUZK_CP","inspireid_identifier_versionid_nilreason":null,"inspireid_identifier_versionid_nil":false,"inspireid_identifier_versionid":null,"label":"st. 2333","nationalcadastralreference":"659541-st. 2333","validfrom_nilreason":"http://inspire.ec.europa.eu/codelist/VoidReasonValue/Unpopulated","validfrom_nil":false,"validfrom":null,"validto_nilreason":null,"validto_nil":false,"validto":null,"basicpropertyunit":null,"administrativeunit_owns":false,"administrativeunit_href":"http://services.cuzk.cz/wfs/inspire-au-wfs.asp?service=WFS&VERSION=2.0.0&request=GetFeature&storedQuery_id=urn:ogc:def:query:OGC-WFS::GetFeatureById&Id=AU.572659","administrativeunit_title":"Jičín","administrativeunit_nilreason":null,"zoning_owns":false,"zoning_href":"http://services.cuzk.cz/wfs/inspire-cp-wfs.asp?service=WFS&VERSION=2.0.0&request=GetFeature&storedQuery_id=urn:ogc:def:query:OGC-WFS::GetFeatureById&Id=CZ.659541","zoning_title":"Jičín","zoning_nilreason":null},"geometry":{"type":"Polygon","coordinates":[[[15.354631,50.434872],[15.354824,50.434816],[15.354932,50.434967],[15.35501,50.434944],[15.355062,50.435017],[15.354984,50.43504],[15.355004,50.435067],[15.354812,50.435123],[15.354741,50.435025],[15.354736,50.435017],[15.354658,50.43504],[15.35463,50.435002],[15.354708,50.434979],[15.354703,50.434972],[15.354631,50.434872]]]}},
{"type":"Feature","properties":{"id":"CP.1757868604","metadataproperty":null,"description_href":null,"description_title":null,"description_nilreason":null,"description":null,"descriptionreference_href":null,"descriptionreference_title":null,"descriptionreference_nilreason":null,"identifier_codespace":null,"identifier":null,"name":null,"location_location":null,"areavalue_nilreason":null,"areavalue_uom":"m2","areavalue_nil":false,"areavalue":70.0,"beginlifespanversion_nilreason":null,"beginlifespanversion":"2022-09-29T05:02:57","endlifespanversion_nilreason":"http://inspire.ec.europa.eu/codelist/VoidReasonValue/Unpopulated","endlifespanversion_nil":false,"endlifespanversion":null,"inspireid_identifier_localid":"CP.1757868604","inspireid_identifier_namespace":"CZ-00025712-CUZK_CP","inspireid_identifier_versionid_nilreason":null,"inspireid_identifier_versionid_nil":false,"inspireid_identifier_versionid":null,"label":"12/1","nationalcadastralreference":"659541-12/1","validfrom_nilreason":"http://inspire.ec.europa.eu/codelist/VoidReasonValue/Unpopulated","validfrom_nil":false,"validfrom":null,"validto_nilreason":null,"validto_nil":false,"validto":null,"basicpropertyunit":null,"administrativeunit_owns":false,"administrativeunit_href":"http://services.cuzk.cz/wfs/inspire-au-wfs.asp?service=WFS&VERSION=2.0.0&request=GetFeature&storedQuery_id=urn:ogc:def:query:OGC-WFS::GetFeatureById&Id=AU.572659","administrativeunit_title":"Jičín","administrativeunit_nilreason":null,"zoning_owns":false,"zoning_href":"http://services.cuzk.cz/wfs/inspire-cp-wfs.asp?service=WFS&VERSION=2.0.0&request=GetFeature&storedQuery_id=urn:ogc:def:query:OGC-WFS::GetFeatureById&Id=CZ.659541","zoning_title":"Jičín","zoning_nilreason":null},"geometry":{"type":"Polygon","coordinates":[[[15.353742,50.435126],[15.353826,50.435145],[15.353869,50.435158],[15.353865,50.435212],[15.353763,50.435212],[15.353743,50.435213],[15.353742,50.435126]]]}},
{"type":"Feature","properties":{"id":"CP.1761732604","metadataproperty":null,"description_href":null,"description_title":null,"description_nilreason":null,"description":null,"descriptionreference_href":null,"descriptionreference_title":null,"descriptionreference_nilreason":null,"identifier_codespace":null,"identifier":null,"name":null,"location_location":null,"areavalue_nilreason":null,"areavalue_uom":"m2","areavalue_nil":false,"areavalue":52.0,"beginlifespanversion_nilreason":null,"beginlifespanversion":"2022-09-29T05:02:57","endlifespanversion_nilreason":"http://inspire.ec.europa.eu/codelist/VoidReasonValue/Unpopulated","endlifespanversion_nil":false,"endlifespanversion":null,"inspireid_identifier_localid":"CP.1761732604","inspireid_identifier_namespace":"CZ-00025712-CUZK_CP","inspireid_identifier_versionid_nilreason":null,"inspireid_identifier_versionid_nil":false,"inspireid_identifier_versionid":null,"label":"1365/5","nationalcadastralreference":"659541-1365/5","validfrom_nilreason":"http://inspire.ec.europa.eu/codelist/VoidReasonValue/Unpopulated","validfrom_nil":false,"validfrom":null,"validto_nilreason":null,"validto_nil":false,"validto":null,"basicpropertyunit":null,"administrativeunit_owns":false,"administrativeunit_href":"http://services.cuzk.cz/wfs/inspire-au-wfs.asp?service=WFS&VERSION=2.0.0&request=GetFeature&storedQuery_id=urn:ogc:def:query:OGC-WFS::GetFeatureById&Id=AU.572659","administrativeunit_title":"Jičín","administrativeunit_nilreason":null,"zoning_owns":false,"zoning_href":"http://services.cuzk.cz/wfs/inspire-cp-wfs.asp?service=WFS&VERSION=2.0.0&request=GetFeature&storedQuery_id=urn:ogc:def:query:OGC-WFS::GetFeatureById&Id=CZ.659541","zoning_title":"Jičín","zoning_nilreason":null},"geometry":{"type":"Polygon","coordinates":[[[15.354012,50.435058],[15.353971,50.435033],[15.353952,50.435019],[15.353928,50.434996],[15.353907,50.434972],[15.353901,50.434961],[15.35392,50.434954],[15.353957,50.43494],[15.353953,50.434963],[15.353976,50.435015],[15.354076,50.435053],[15.354078,50.43508],[15.354083,50.435104],[15.354012,50.435058]]]}},
{"type":"Feature","properties":{"id":"CP.1761729604","metadataproperty":null,"description_href":null,"description_title":null,"description_nilreason":null,"description":null,"descriptionreference_href":null,"descriptionreference_title":null,"descriptionreference_nilreason":null,"identifier_codespace":null,"identifier":null,"name":null,"location_location":null,"areavalue_nilreason":null,"areavalue_uom":"m2","areavalue_nil":false,"areavalue":118.0,"beginlifespanversion_nilreason":null,"beginlifespanversion":"2022-09-29T05:02:57","endlifespanversion_nilreason":"http://inspire.ec.europa.eu/codelist/VoidReasonValue/Unpopulated","endlifespanversion_nil":false,"endlifespanversion":null,"inspireid_identifier_localid":"CP.1761729604","inspireid_identifier_namespace":"CZ-00025712-CUZK_CP","inspireid_identifier_versionid_nilreason":null,"inspireid_identifier_versionid_nil":false,"inspireid_identifier_versionid":null,"label":"1365/2","nationalcadastralreference":"659541-1365/2","validfrom_nilreason":"http://inspire.ec.europa.eu/codelist/VoidReasonValue/Unpopulated","validfrom_nil":false,"validfrom":null,"validto_nilreason":null,"validto_nil":false,"validto":null,"basicpropertyunit":null,"administrativeunit_owns":false,"administrativeunit_href":"http://services.cuzk.cz/wfs/inspire-au-wfs.asp?service=WFS&VERSION=2.0.0&request=GetFeature&storedQuery_id=urn:ogc:def:query:OGC-WFS::GetFeatureById&Id=AU.572659","administrativeunit_title":"Jičín","administrativeunit_nilreason":null,"zoning_owns":false,"zoning_href":"http://services.cuzk.cz/wfs/inspire-cp-wfs.asp?service=WFS&VERSION=2.0.0&request=GetFeature&storedQuery_id=urn:ogc:def:query:OGC-WFS::GetFeatureById&Id=CZ.659541","zoning_title":"Jičín","zoning_nilreason":null},"geometry":{"type":"Polygon","coordinates":[[[15.354076,50.435053],[15.353976,50.435015],[15.353953,50.434963],[15.353957,50.43494],[15.354051,50.434898],[15.354106,50.434875],[15.354112,50.434872],[15.354109,50.434877],[15.354098,50.4349],[15.35409,50.434924],[15.354082,50.434954],[15.354075,50.435008],[15.354076,50.435053]]]}},
{"type":"Feature","properties":{"id":"CP.1761731604","metadataproperty":null,"description_href":null,"description_title":null,"description_nilreason":null,"description":null,"descriptionreference_href":null,"descriptionreference_title":null,"descriptionreference_nilreason":null,"identifier_codespace":null,"identifier":null,"name":null,"location_location":null,"areavalue_nilreason":null,"areavalue_uom":"m2","areavalue_nil":false,"areavalue":107.0,"beginlifespanversion_nilreason":null,"beginlifespanversion":"2022-09-29T05:02:57","endlifespanversion_nilreason":"http://inspire.ec.europa.eu/codelist/VoidReasonValue/Unpopulated","endlifespanversion_nil":false,"endlifespanversion":null,"inspireid_identifier_localid":"CP.1761731604","inspireid_identifier_namespace":"CZ-00025712-CUZK_CP","inspireid_identifier_versionid_nilreason":null,"inspireid_identifier_versionid_nil":false,"inspireid_identifier_versionid":null,"label":"1365/4","nationalcadastralreference":"659541-1365/4","validfrom_nilreason":"http://inspire.ec.europa.eu/codelist/VoidReasonValue/Unpopulated","validfrom_nil":false,"validfrom":null,"validto_nilreason":null,"validto_nil":false,"validto":null,"basicpropertyunit":null,"administrativeunit_owns":false,"administrativeunit_href":"http://services.cuzk.cz/wfs/inspire-au-wfs.asp?service=WFS&VERSION=2.0.0&request=GetFeature&storedQuery_id=urn:ogc:def:query:OGC-WFS::GetFeatureById&Id=AU.572659","administrativeunit_title":"Jičín","administrativeunit_nilreason":null,"zoning_owns":false,"zoning_href":"http://services.cuzk.cz/wfs/inspire-cp-wfs.asp?service=WFS&VERSION=2.0.0&request=GetFeature&storedQuery_id=urn:ogc:def:query:OGC-WFS::GetFeatureById&Id=CZ.659541","zoning_title":"Jičín","zoning_nilreason":null},"geometry":{"type":"Polygon","coordinates":[[[15.353765,50.435025],[15.353901,50.434961],[15.353907,50.434972],[15.353928,50.434996],[15.353952,50.435019],[15.353971,50.435033],[15.354012,50.435058],[15.354083,50.435104],[15.354089,50.435113],[15.35393,50.435063],[15.35382,50.435035],[15.353765,50.435025]]]}},
{"type":"Feature","properties":{"id":"CP.2566145604","metadataproperty":null,"description_href":null,"description_title":null,"description_nilreason":null,"description":null,"descriptionreference_href":null,"descriptionreference_title":null,"descriptionreference_nilreason":null,"identifier_codespace":null,"identifier":null,"name":null,"location_location":null,"areavalue_nilreason":null,"areavalue_uom":"m2","areavalue_nil":false,"areavalue":164.0,"beginlifespanversion_nilreason":null,"beginlifespanversion":"2022-09-29T00:10:40","endlifespanversion_nilreason":"http://inspire.ec.europa.eu/codelist/VoidReasonValue/Unpopulated","endlifespanversion_nil":false,"endlifespanversion":null,"inspireid_identifier_localid":"CP.2566145604","inspireid_identifier_namespace":"CZ-00025712-CUZK_CP","inspireid_identifier_versionid_nilreason":null,"inspireid_identifier_versionid_nil":false,"inspireid_identifier_versionid":null,"label":"1185/6","nationalcadastralreference":"659541-1185/6","validfrom_nilreason":"http://inspire.ec.europa.eu/codelist/VoidReasonValue/Unpopulated","validfrom_nil":false,"validfrom":null,"validto_nilreason":null,"validto_nil":false,"validto":null,"basicpropertyunit":null,"administrativeunit_owns":false,"administrativeunit_href":"http://services.cuzk.cz/wfs/inspire-au-wfs.asp?service=WFS&VERSION=2.0.0&request=GetFeature&storedQuery_id=urn:ogc:def:query:OGC-WFS::GetFeatureById&Id=AU.572659","administrativeunit_title":"Jičín","administrativeunit_nilreason":null,"zoning_owns":false,"zoning_href":"http://services.cuzk.cz/wfs/inspire-cp-wfs.asp?service=WFS&VERSION=2.0.0&request=GetFeature&storedQuery_id=urn:ogc:def:query:OGC-WFS::GetFeatureById&Id=CZ.659541","zoning_title":"Jičín","zoning_nilreason":null},"geometry":{"type":"Polygon","coordinates":[[[15.353514,50.434963],[15.353399,50.434965],[15.353436,50.434957],[15.353456,50.434953],[15.353538,50.434935],[15.353629,50.434904],[15.353697,50.43487],[15.353722,50.434859],[15.353756,50.434841],[15.353887,50.434776],[15.35393,50.434755],[15.35406,50.43469],[15.354126,50.434656],[15.354339,50.434554],[15.354363,50.434541],[15.354371,50.434535],[15.354448,50.434495],[15.354427,50.434519],[15.35442,50.434527],[15.354393,50.434548],[15.354362,50.434566],[15.354079,50.434701],[15.353762,50.434861],[15.353551,50.434951],[15.353514,50.434963]]]}},
{"type":"Feature","properties":{"id":"CP.1753865604","metadataproperty":null,"description_href":null,"description_title":null,"description_nilreason":null,"description":null,"descriptionreference_href":null,"descriptionreference_title":null,"descriptionreference_nilreason":null,"identifier_codespace":null,"identifier":null,"name":null,"location_location":null,"areavalue_nilreason":null,"areavalue_uom":"m2","areavalue_nil":false,"areavalue":138.0,"beginlifespanversion_nilreason":null,"beginlifespanversion":"2022-09-29T05:02:57","endlifespanversion_nilreason":"http://inspire.ec.europa.eu/codelist/VoidReasonValue/Unpopulated","endlifespanversion_nil":false,"endlifespanversion":null,"inspireid_identifier_localid":"CP.1753865604","inspireid_identifier_namespace":"CZ-00025712-CUZK_CP","inspireid_identifier_versionid_nilreason":null,"inspireid_identifier_versionid_nil":false,"inspireid_identifier_versionid":null,"label":"st. 684","nationalcadastralreference":"659541-st. 684","validfrom_nilreason":"http://inspire.ec.europa.eu/codelist/VoidReasonValue/Unpopulated","validfrom_nil":false,"validfrom":null,"validto_nilreason":null,"validto_nil":false,"validto":null,"basicpropertyunit":null,"administrativeunit_owns":false,"administrativeunit_href":"http://services.cuzk.cz/wfs/inspire-au-wfs.asp?service=WFS&VERSION=2.0.0&request=GetFeature&storedQuery_id=urn:ogc:def:query:OGC-WFS::GetFeatureById&Id=AU.572659","administrativeunit_title":"Jičín","administrativeunit_nilreason":null,"zoning_owns":false,"zoning_href":"http://services.cuzk.cz/wfs/inspire-cp-wfs.asp?service=WFS&VERSION=2.0.0&request=GetFeature&storedQuery_id=urn:ogc:def:query:OGC-WFS::GetFeatureById&Id=CZ.659541","zoning_title":"Jičín","zoning_nilreason":null},"geometry":{"type":"Polygon","coordinates":[[[15.353538,50.434935],[15.353571,50.434751],[15.353574,50.434737],[15.353601,50.434759],[15.353722,50.434859],[15.353697,50.43487],[15.353629,50.434904],[15.353538,50.434935]]]}},
{"type":"Feature","properties":{"id":"CP.1754093604","metadataproperty":null,"description_href":null,"description_title":null,"description_nilreason":null,"description":null,"descriptionreference_href":null,"descriptionreference_title":null,"descriptionreference_nilreason":null,"identifier_codespace":null,"identifier":null,"name":null,"location_location":null,"areavalue_nilreason":null,"areavalue_uom":"m2","areavalue_nil":false,"areavalue":1007.0,"beginlifespanversion_nilreason":null,"beginlifespanversion":"2022-09-29T05:02:57","endlifespanversion_nilreason":"http://inspire.ec.europa.eu/codelist/VoidReasonValue/Unpopulated","endlifespanversion_nil":false,"endlifespanversion":null,"inspireid_identifier_localid":"CP.1754093604","inspireid_identifier_namespace":"CZ-00025712-CUZK_CP","inspireid_identifier_versionid_nilreason":null,"inspireid_identifier_versionid_nil":false,"inspireid_identifier_versionid":null,"label":"st. 928","nationalcadastralreference":"659541-st. 928","validfrom_nilreason":"http://inspire.ec.europa.eu/codelist/VoidReasonValue/Unpopulated","validfrom_nil":false,"validfrom":null,"validto_nilreason":null,"validto_nil":false,"validto":null,"basicpropertyunit":null,"administrativeunit_owns":false,"administrativeunit_href":"http://services.cuzk.cz/wfs/inspire-au-wfs.asp?service=WFS&VERSION=2.0.0&request=GetFeature&storedQuery_id=urn:ogc:def:query:OGC-WFS::GetFeatureById&Id=AU.572659","administrativeunit_title":"Jičín","administrativeunit_nilreason":null,"zoning_owns":false,"zoning_href":"http://services.cuzk.cz/wfs/inspire-cp-wfs.asp?service=WFS&VERSION=2.0.0&request=GetFeature&storedQuery_id=urn:ogc:def:query:OGC-WFS::GetFeatureById&Id=CZ.659541","zoning_title":"Jičín","zoning_nilreason":null},"geometry":{"type":"Polygon","coordinates":[[[15.353234,50.43464],[15.353236,50.434619],[15.353262,50.43462],[15.353288,50.434622],[15.35329,50.434599],[15.353393,50.434605],[15.35339,50.434627],[15.353402,50.434628],[15.353544,50.434614],[15.353553,50.43455],[15.35356,50.434503],[15.353605,50.43444],[15.353623,50.434446],[15.353605,50.434553],[15.353596,50.434606],[15.353594,50.434618],[15.353586,50.434663],[15.353575,50.434729],[15.353574,50.434737],[15.353571,50.434751],[15.353538,50.434935],[15.353456,50.434953],[15.353436,50.434957],[15.353399,50.434965],[15.35319,50.434955],[15.353198,50.434912],[15.353199,50.434909],[15.353234,50.43464]]]}},
{"type":"Feature","properties":{"id":"CP.1756342604","metadataproperty":null,"description_href":null,"description_title":null,"description_nilreason":null,"description":null,"descriptionreference_href":null,"descriptionreference_title":null,"descriptionreference_nilreason":null,"identifier_codespace":null,"identifier":null,"name":null,"location_location":null,"areavalue_nilreason":null,"areavalue_uom":"m2","areavalue_nil":false,"areavalue":25.0,"beginlifespanversion_nilreason":null,"beginlifespanversion":"2022-09-29T05:02:57","endlifespanversion_nilreason":"http://inspire.ec.europa.eu/codelist/VoidReasonValue/Unpopulated","endlifespanversion_nil":false,"endlifespanversion":null,"inspireid_identifier_localid":"CP.1756342604","inspireid_identifier_namespace":"CZ-00025712-CUZK_CP","inspireid_identifier_versionid_nilreason":null,"inspireid_identifier_versionid_nil":false,"inspireid_identifier_versionid":null,"label":"st. 2343","nationalcadastralreference":"659541-st. 2343","validfrom_nilreason":"http://inspire.ec.europa.eu/codelist/VoidReasonValue/Unpopulated","validfrom_nil":false,"validfrom":null,"validto_nilreason":null,"validto_nil":false,"validto":null,"basicpropertyunit":null,"administrativeunit_owns":false,"administrativeunit_href":"http://services.cuzk.cz/wfs/inspire-au-wfs.asp?service=WFS&VERSION=2.0.0&request=GetFeature&storedQuery_id=urn:ogc:def:query:OGC-WFS::GetFeatureById&Id=AU.572659","administrativeunit_title":"Jičín","administrativeunit_nilreason":null,"zoning_owns":false,"zoning_href":"http://services.cuzk.cz/wfs/inspire-cp-wfs.asp?service=WFS&VERSION=2.0.0&request=GetFeature&storedQuery_id=urn:ogc:def:query:OGC-WFS::GetFeatureById&Id=CZ.659541","zoning_title":"Jičín","zoning_nilreason":null},"geometry":{"type":"Polygon","coordinates":[[[15.355545,50.435108],[15.355505,50.435052],[15.355547,50.43504],[15.355543,50.435035],[15.355548,50.435033],[15.355593,50.435097],[15.355588,50.435099],[15.355587,50.435096],[15.355545,50.435108]]]}},
{"type":"Feature","properties":{"id":"CP.1761730604","metadataproperty":null,"description_href":null,"description_title":null,"description_nilreason":null,"description":null,"descriptionreference_href":null,"descriptionreference_title":null,"descriptionreference_nilreason":null,"identifier_codespace":null,"identifier":null,"name":null,"location_location":null,"areavalue_nilreason":null,"areavalue_uom":"m2","areavalue_nil":false,"areavalue":993.0,"beginlifespanversion_nilreason":null,"beginlifespanversion":"2022-09-29T05:02:57","endlifespanversion_nilreason":"http://inspire.ec.europa.eu/codelist/VoidReasonValue/Unpopulated","endlifespanversion_nil":false,"endlifespanversion":null,"inspireid_identifier_localid":"CP.1761730604","inspireid_identifier_namespace":"CZ-00025712-CUZK_CP","inspireid_identifier_versionid_nilreason":null,"inspireid_identifier_versionid_nil":false,"inspireid_identifier_versionid":null,"label":"1365/3","nationalcadastralreference":"659541-1365/3","validfrom_nilreason":"http://inspire.ec.europa.eu/codelist/VoidReasonValue/Unpopulated","validfrom_nil":false,"validfrom":null,"validto_nilreason":null,"validto_nil":false,"validto":null,"basicpropertyunit":null,"administrativeunit_owns":false,"administrativeunit_href":"http://services.cuzk.cz/wfs/inspire-au-wfs.asp?service=WFS&VERSION=2.0.0&request=GetFeature&storedQuery_id=urn:ogc:def:query:OGC-WFS::GetFeatureById&Id=AU.572659","administrativeunit_title":"Jičín","administrativeunit_nilreason":null,"zoning_owns":false,"zoning_href":"http://services.cuzk.cz/wfs/inspire-cp-wfs.asp?service=WFS&VERSION=2.0.0&request=GetFeature&storedQuery_id=urn:ogc:def:query:OGC-WFS::GetFeatureById&Id=CZ.659541","zoning_title":"Jičín","zoning_nilreason":null},"geometry":{"type":"Polygon","coordinates":[[[15.354076,50.435053],[15.354075,50.435008],[15.354082,50.434954],[15.35409,50.434924],[15.354098,50.4349],[15.354109,50.434877],[15.354112,50.434872],[15.354652,50.434592],[15.354646,50.434596],[15.354641,50.4346],[15.354637,50.434604],[15.354634,50.434609],[15.354632,50.434613],[15.354631,50.434618],[15.354631,50.434623],[15.354632,50.434628],[15.354634,50.434633],[15.35462,50.434771],[15.354619,50.434775],[15.354616,50.434806],[15.354592,50.434814],[15.354568,50.434822],[15.354545,50.434832],[15.354522,50.434841],[15.354499,50.434852],[15.354477,50.434862],[15.354456,50.434873],[15.354436,50.434885],[15.354416,50.434897],[15.354396,50.43491],[15.354381,50.434922],[15.354367,50.434934],[15.354353,50.434947],[15.35434,50.434961],[15.354328,50.434974],[15.354317,50.434988],[15.354307,50.435002],[15.354298,50.435017],[15.35429,50.435031],[15.354283,50.435046],[15.354277,50.435061],[15.35427,50.435096],[15.354272,50.435155],[15.354281,50.435187],[15.354281,50.435188],[15.354293,50.43522],[15.354319,50.435265],[15.354282,50.435272],[15.354259,50.435233],[15.354246,50.435207],[15.354237,50.435184],[15.354229,50.435139],[15.354076,50.435053]]]}},
{"type":"Feature","properties":{"id":"CP.1761733604","metadataproperty":null,"description_href":null,"description_title":null,"description_nilreason":null,"description":null,"descriptionreference_href":null,"descriptionreference_title":null,"descriptionreference_nilreason":null,"identifier_codespace":null,"identifier":null,"name":null,"location_location":null,"areavalue_nilreason":null,"areavalue_uom":"m2","areavalue_nil":false,"areavalue":1102.0,"beginlifespanversion_nilreason":null,"beginlifespanversion":"2022-09-29T05:02:57","endlifespanversion_nilreason":"http://inspire.ec.europa.eu/codelist/VoidReasonValue/Unpopulated","endlifespanversion_nil":false,"endlifespanversion":null,"inspireid_identifier_localid":"CP.1761733604","inspireid_identifier_namespace":"CZ-00025712-CUZK_CP","inspireid_identifier_versionid_nilreason":null,"inspireid_identifier_versionid_nil":false,"inspireid_identifier_versionid":null,"label":"1366","nationalcadastralreference":"659541-1366","validfrom_nilreason":"http://inspire.ec.europa.eu/codelist/VoidReasonValue/Unpopulated","validfrom_nil":false,"validfrom":null,"validto_nilreason":null,"validto_nil":false,"validto":null,"basicpropertyunit":null,"administrativeunit_owns":false,"administrativeunit_href":"http://services.cuzk.cz/wfs/inspire-au-wfs.asp?service=WFS&VERSION=2.0.0&request=GetFeature&storedQuery_id=urn:ogc:def:query:OGC-WFS::GetFeatureById&Id=AU.572659","administrativeunit_title":"Jičín","administrativeunit_nilreason":null,"zoning_owns":false,"zoning_href":"http://services.cuzk.cz/wfs/inspire-cp-wfs.asp?service=WFS&VERSION=2.0.0&request=GetFeature&storedQuery_id=urn:ogc:def:query:OGC-WFS::GetFeatureById&Id=CZ.659541","zoning_title":"Jičín","zoning_nilreason":null},"geometry":{"type":"Polygon","coordinates":[[[15.353744,50.436299],[15.353755,50.436443],[15.353757,50.436443],[15.353784,50.436604],[15.353654,50.436605],[15.353656,50.436475],[15.353668,50.436443],[15.353658,50.436306],[15.353655,50.436187],[15.353658,50.43612],[15.353676,50.436006],[15.353693,50.435893],[15.353699,50.435856],[15.353707,50.435787],[15.353716,50.435684],[15.353745,50.435683],[15.353774,50.435681],[15.353799,50.435684],[15.353855,50.43564],[15.353987,50.435511],[15.354,50.435497],[15.354023,50.435403],[15.354027,50.435275],[15.354024,50.435194],[15.354055,50.435227],[15.354175,50.435361],[15.354205,50.435393],[15.354125,50.435422],[15.354087,50.435482],[15.354078,50.435497],[15.354054,50.435534],[15.354018,50.435575],[15.353948,50.435634],[15.353889,50.435684],[15.353835,50.435811],[15.353829,50.435823],[15.353823,50.435836],[15.353741,50.436019],[15.353741,50.436146],[15.353746,50.436299],[15.353744,50.436299]]]}},
{"type":"Feature","properties":{"id":"CP.1757879604","metadataproperty":null,"description_href":null,"description_title":null,"description_nilreason":null,"description":null,"descriptionreference_href":null,"descriptionreference_title":null,"descriptionreference_nilreason":null,"identifier_codespace":null,"identifier":null,"name":null,"location_location":null,"areavalue_nilreason":null,"areavalue_uom":"m2","areavalue_nil":false,"areavalue":40.0,"beginlifespanversion_nilreason":null,"beginlifespanversion":"2022-09-29T05:02:57","endlifespanversion_nilreason":"http://inspire.ec.europa.eu/codelist/VoidReasonValue/Unpopulated","endlifespanversion_nil":false,"endlifespanversion":null,"inspireid_identifier_localid":"CP.1757879604","inspireid_identifier_namespace":"CZ-00025712-CUZK_CP","inspireid_identifier_versionid_nilreason":null,"inspireid_identifier_versionid_nil":false,"inspireid_identifier_versionid":null,"label":"31/3","nationalcadastralreference":"659541-31/3","validfrom_nilreason":"http://inspire.ec.europa.eu/codelist/VoidReasonValue/Unpopulated","validfrom_nil":false,"validfrom":null,"validto_nilreason":null,"validto_nil":false,"validto":null,"basicpropertyunit":null,"administrativeunit_owns":false,"administrativeunit_href":"http://services.cuzk.cz/wfs/inspire-au-wfs.asp?service=WFS&VERSION=2.0.0&request=GetFeature&storedQuery_id=urn:ogc:def:query:OGC-WFS::GetFeatureById&Id=AU.572659","administrativeunit_title":"Jičín","administrativeunit_nilreason":null,"zoning_owns":false,"zoning_href":"http://services.cuzk.cz/wfs/inspire-cp-wfs.asp?service=WFS&VERSION=2.0.0&request=GetFeature&storedQuery_id=urn:ogc:def:query:OGC-WFS::GetFeatureById&Id=CZ.659541","zoning_title":"Jičín","zoning_nilreason":null},"geometry":{"type":"Polygon","coordinates":[[[15.354105,50.435589],[15.353948,50.435634],[15.354018,50.435575],[15.354054,50.435534],[15.354105,50.435589]]]}},
{"type":"Feature","properties":{"id":"CP.1757872604","metadataproperty":null,"description_href":null,"description_title":null,"description_nilreason":null,"description":null,"descriptionreference_href":null,"descriptionreference_title":null,"descriptionreference_nilreason":null,"identifier_codespace":null,"identifier":null,"name":null,"location_location":null,"areavalue_nilreason":null,"areavalue_uom":"m2","areavalue_nil":false,"areavalue":262.0,"beginlifespanversion_nilreason":null,"beginlifespanversion":"2022-09-29T05:02:57","endlifespanversion_nilreason":"http://inspire.ec.europa.eu/codelist/VoidReasonValue/Unpopulated","endlifespanversion_nil":false,"endlifespanversion":null,"inspireid_identifier_localid":"CP.1757872604","inspireid_identifier_namespace":"CZ-00025712-CUZK_CP","inspireid_identifier_versionid_nilreason":null,"inspireid_identifier_versionid_nil":false,"inspireid_identifier_versionid":null,"label":"21","nationalcadastralreference":"659541-21","validfrom_nilreason":"http://inspire.ec.europa.eu/codelist/VoidReasonValue/Unpopulated","validfrom_nil":false,"validfrom":null,"validto_nilreason":null,"validto_nil":false,"validto":null,"basicpropertyunit":null,"administrativeunit_owns":false,"administrativeunit_href":"http://services.cuzk.cz/wfs/inspire-au-wfs.asp?service=WFS&VERSION=2.0.0&request=GetFeature&storedQuery_id=urn:ogc:def:query:OGC-WFS::GetFeatureById&Id=AU.572659","administrativeunit_title":"Jičín","administrativeunit_nilreason":null,"zoning_owns":false,"zoning_href":"http://services.cuzk.cz/wfs/inspire-cp-wfs.asp?service=WFS&VERSION=2.0.0&request=GetFeature&storedQuery_id=urn:ogc:def:query:OGC-WFS::GetFeatureById&Id=CZ.659541","zoning_title":"Jičín","zoning_nilreason":null},"geometry":{"type":"Polygon","coordinates":[[[15.353745,50.435683],[15.353747,50.435572],[15.353743,50.435572],[15.353731,50.435508],[15.353733,50.435473],[15.353774,50.435477],[15.353818,50.43548],[15.353817,50.435483],[15.354,50.435497],[15.353987,50.435511],[15.353855,50.43564],[15.353799,50.435684],[15.353774,50.435681],[15.353745,50.435683]]]}},
{"type":"Feature","properties":{"id":"CP.1761714604","metadataproperty":null,"description_href":null,"description_title":null,"description_nilreason":null,"description":null,"descriptionreference_href":null,"descriptionreference_title":null,"descriptionreference_nilreason":null,"identifier_codespace":null,"identifier":null,"name":null,"location_location":null,"areavalue_nilreason":null,"areavalue_uom":"m2","areavalue_nil":false,"areavalue":101.0,"beginlifespanversion_nilreason":null,"beginlifespanversion":"2022-09-29T05:02:57","endlifespanversion_nilreason":"http://inspire.ec.europa.eu/codelist/VoidReasonValue/Unpopulated","endlifespanversion_nil":false,"endlifespanversion":null,"inspireid_identifier_localid":"CP.1761714604","inspireid_identifier_namespace":"CZ-00025712-CUZK_CP","inspireid_identifier_versionid_nilreason":null,"inspireid_identifier_versionid_nil":false,"inspireid_identifier_versionid":null,"label":"1345","nationalcadastralreference":"659541-1345","validfrom_nilreason":"http://inspire.ec.europa.eu/codelist/VoidReasonValue/Unpopulated","validfrom_nil":false,"validfrom":null,"validto_nilreason":null,"validto_nil":false,"validto":null,"basicpropertyunit":null,"administrativeunit_owns":false,"administrativeunit_href":"http://services.cuzk.cz/wfs/inspire-au-wfs.asp?service=WFS&VERSION=2.0.0&request=GetFeature&storedQuery_id=urn:ogc:def:query:OGC-WFS::GetFeatureById&Id=AU.572659","administrativeunit_title":"Jičín","administrativeunit_nilreason":null,"zoning_owns":false,"zoning_href":"http://services.cuzk.cz/wfs/inspire-cp-wfs.asp?service=WFS&VERSION=2.0.0&request=GetFeature&storedQuery_id=urn:ogc:def:query:OGC-WFS::GetFeatureById&Id=CZ.659541","zoning_title":"Jičín","zoning_nilreason":null},"geometry":{"type":"Polygon","coordinates":[[[15.353725,50.435575],[15.353605,50.435569],[15.353598,50.435568],[15.353611,50.435476],[15.353671,50.435473],[15.353733,50.435473],[15.353731,50.435508],[15.353743,50.435572],[15.353725,50.435575]]]}},
{"type":"Feature","properties":{"id":"CP.1757874604","metadataproperty":null,"description_href":null,"description_title":null,"description_nilreason":null,"description":null,"descriptionreference_href":null,"descriptionreference_title":null,"descriptionreference_nilreason":null,"identifier_codespace":null,"identifier":null,"name":null,"location_location":null,"areavalue_nilreason":null,"areavalue_uom":"m2","areavalue_nil":false,"areavalue":767.0,"beginlifespanversion_nilreason":null,"beginlifespanversion":"2022-09-29T05:02:57","endlifespanversion_nilreason":"http://inspire.ec.europa.eu/codelist/VoidReasonValue/Unpopulated","endlifespanversion_nil":false,"endlifespanversion":null,"inspireid_identifier_localid":"CP.1757874604","inspireid_identifier_namespace":"CZ-00025712-CUZK_CP","inspireid_identifier_versionid_nilreason":null,"inspireid_identifier_versionid_nil":false,"inspireid_identifier_versionid":null,"label":"27","nationalcadastralreference":"659541-27","validfrom_nilreason":"http://inspire.ec.europa.eu/codelist/VoidReasonValue/Unpopulated","validfrom_nil":false,"validfrom":null,"validto_nilreason":null,"validto_nil":false,"validto":null,"basicpropertyunit":null,"administrativeunit_owns":false,"administrativeunit_href":"http://services.cuzk.cz/wfs/inspire-au-wfs.asp?service=WFS&VERSION=2.0.0&request=GetFeature&storedQuery_id=urn:ogc:def:query:OGC-WFS::GetFeatureById&Id=AU.572659","administrativeunit_title":"Jičín","administrativeunit_nilreason":null,"zoning_owns":false,"zoning_href":"http://services.cuzk.cz/wfs/inspire-cp-wfs.asp?service=WFS&VERSION=2.0.0&request=GetFeature&storedQuery_id=urn:ogc:def:query:OGC-WFS::GetFeatureById&Id=CZ.659541","zoning_title":"Jičín","zoning_nilreason":null},"geometry":{"type":"Polygon","coordinates":[[[15.353272,50.435968],[15.353333,50.435607],[15.353335,50.435601],[15.353574,50.435616],[15.353592,50.435617],[15.353586,50.435655],[15.353583,50.435676],[15.353577,50.435724],[15.353564,50.435808],[15.353558,50.435849],[15.353553,50.435884],[15.353544,50.435883],[15.353531,50.435988],[15.353522,50.435988],[15.353418,50.435979],[15.353393,50.435977],[15.353282,50.435969],[15.353272,50.435968]]]}},
{"type":"Feature","properties":{"id":"CP.1757863604","metadataproperty":null,"description_href":null,"description_title":null,"description_nilreason":null,"description":null,"descriptionreference_href":null,"descriptionreference_title":null,"descriptionreference_nilreason":null,"identifier_codespace":null,"identifier":null,"name":null,"location_location":null,"areavalue_nilreason":null,"areavalue_uom":"m2","areavalue_nil":false,"areavalue":2111.0,"beginlifespanversion_nilreason":null,"beginlifespanversion":"2022-09-29T05:02:57","endlifespanversion_nilreason":"http://inspire.ec.europa.eu/codelist/VoidReasonValue/Unpopulated","endlifespanversion_nil":false,"endlifespanversion":null,"inspireid_identifier_localid":"CP.1757863604","inspireid_identifier_namespace":"CZ-00025712-CUZK_CP","inspireid_identifier_versionid_nilreason":null,"inspireid_identifier_versionid_nil":false,"inspireid_identifier_versionid":null,"label":"10/1","nationalcadastralreference":"659541-10/1","validfrom_nilreason":"http://inspire.ec.europa.eu/codelist/VoidReasonValue/Unpopulated","validfrom_nil":false,"validfrom":null,"validto_nilreason":null,"validto_nil":false,"validto":null,"basicpropertyunit":null,"administrativeunit_owns":false,"administrativeunit_href":"http://services.cuzk.cz/wfs/inspire-au-wfs.asp?service=WFS&VERSION=2.0.0&request=GetFeature&storedQuery_id=urn:ogc:def:query:OGC-WFS::GetFeatureById&Id=AU.572659","administrativeunit_title":"Jičín","administrativeunit_nilreason":null,"zoning_owns":false,"zoning_href":"http://services.cuzk.cz/wfs/inspire-cp-wfs.asp?service=WFS&VERSION=2.0.0&request=GetFeature&storedQuery_id=urn:ogc:def:query:OGC-WFS::GetFeatureById&Id=CZ.659541","zoning_title":"Jičín","zoning_nilreason":null},"geometry":{"type":"Polygon","coordinates":[[[15.353743,50.435213],[15.353529,50.435229],[15.353516,50.435268],[15.351982,50.435163],[15.351974,50.435163],[15.352001,50.435004],[15.353337,50.435097],[15.353575,50.435114],[15.353742,50.435126],[15.353743,50.435213]]]}},
{"type":"Feature","properties":{"id":"CP.1757862604","metadataproperty":null,"description_href":null,"description_title":null,"description_nilreason":null,"description":null,"descriptionreference_href":null,"descriptionreference_title":null,"descriptionreference_nilreason":null,"identifier_codespace":null,"identifier":null,"name":null,"location_location":null,"areavalue_nilreason":null,"areavalue_uom":"m2","areavalue_nil":false,"areavalue":4857.0,"beginlifespanversion_nilreason":null,"beginlifespanversion":"2022-09-29T05:02:57","endlifespanversion_nilreason":"http://inspire.ec.europa.eu/codelist/VoidReasonValue/Unpopulated","endlifespanversion_nil":false,"endlifespanversion":null,"inspireid_identifier_localid":"CP.1757862604","inspireid_identifier_namespace":"CZ-00025712-CUZK_CP","inspireid_identifier_versionid_nilreason":null,"inspireid_identifier_versionid_nil":false,"inspireid_identifier_versionid":null,"label":"7","nationalcadastralreference":"659541-7","validfrom_nilreason":"http://inspire.ec.europa.eu/codelist/VoidReasonValue/Unpopulated","validfrom_nil":false,"validfrom":null,"validto_nilreason":null,"validto_nil":false,"validto":null,"basicpropertyunit":null,"administrativeunit_owns":false,"administrativeunit_href":"http://services.cuzk.cz/wfs/inspire-au-wfs.asp?service=WFS&VERSION=2.0.0&request=GetFeature&storedQuery_id=urn:ogc:def:query:OGC-WFS::GetFeatureById&Id=AU.572659","administrativeunit_title":"Jičín","administrativeunit_nilreason":null,"zoning_owns":false,"zoning_href":"http://services.cuzk.cz/wfs/inspire-cp-wfs.asp?service=WFS&VERSION=2.0.0&request=GetFeature&storedQuery_id=urn:ogc:def:query:OGC-WFS::GetFeatureById&Id=CZ.659541","zoning_title":"Jičín","zoning_nilreason":null},"geometry":{"type":"Polygon","coordinates":[[[15.353689,50.43535],[15.353687,50.435353],[15.353628,50.435355],[15.353619,50.435418],[15.353611,50.435476],[15.353598,50.435568],[15.353596,50.435586],[15.353592,50.435617],[15.353574,50.435616],[15.353335,50.435601],[15.353189,50.435586],[15.353119,50.435581],[15.352996,50.435572],[15.35298,50.435571],[15.352895,50.435565],[15.352879,50.435564],[15.352278,50.435521],[15.352271,50.435525],[15.352249,50.435523],[15.352247,50.435529],[15.352234,50.435608],[15.352224,50.435607],[15.351958,50.435587],[15.351952,50.435587],[15.351911,50.435584],[15.351903,50.435583],[15.351972,50.435174],[15.351974,50.435163],[15.351982,50.435163],[15.353516,50.435268],[15.353529,50.435229],[15.353743,50.435213],[15.353763,50.435212],[15.353689,50.43535]]]}},
{"type":"Feature","properties":{"id":"CP.1757860604","metadataproperty":null,"description_href":null,"description_title":null,"description_nilreason":null,"description":null,"descriptionreference_href":null,"descriptionreference_title":null,"descriptionreference_nilreason":null,"identifier_codespace":null,"identifier":null,"name":null,"location_location":null,"areavalue_nilreason":null,"areavalue_uom":"m2","areavalue_nil":false,"areavalue":3315.0,"beginlifespanversion_nilreason":null,"beginlifespanversion":"2022-09-29T05:02:57","endlifespanversion_nilreason":"http://inspire.ec.europa.eu/codelist/VoidReasonValue/Unpopulated","endlifespanversion_nil":false,"endlifespanversion":null,"inspireid_identifier_localid":"CP.1757860604","inspireid_identifier_namespace":"CZ-00025712-CUZK_CP","inspireid_identifier_versionid_nilreason":null,"inspireid_identifier_versionid_nil":false,"inspireid_identifier_versionid":null,"label":"1","nationalcadastralreference":"659541-1","validfrom_nilreason":"http://inspire.ec.europa.eu/codelist/VoidReasonValue/Unpopulated","validfrom_nil":false,"validfrom":null,"validto_nilreason":null,"validto_nil":false,"validto":null,"basicpropertyunit":null,"administrativeunit_owns":false,"administrativeunit_href":"http://services.cuzk.cz/wfs/inspire-au-wfs.asp?service=WFS&VERSION=2.0.0&request=GetFeature&storedQuery_id=urn:ogc:def:query:OGC-WFS::GetFeatureById&Id=AU.572659","administrativeunit_title":"Jičín","administrativeunit_nilreason":null,"zoning_owns":false,"zoning_href":"http://services.cuzk.cz/wfs/inspire-cp-wfs.asp?service=WFS&VERSION=2.0.0&request=GetFeature&storedQuery_id=urn:ogc:def:query:OGC-WFS::GetFeatureById&Id=CZ.659541","zoning_title":"Jičín","zoning_nilreason":null},"geometry":{"type":"Polygon","coordinates":[[[15.352764,50.436058],[15.352766,50.43605],[15.352783,50.435958],[15.3528,50.435956],[15.352808,50.435911],[15.352766,50.435908],[15.352758,50.435913],[15.352754,50.435915],[15.351868,50.435837],[15.35186,50.435836],[15.351903,50.435583],[15.351911,50.435584],[15.351952,50.435587],[15.351958,50.435587],[15.352224,50.435607],[15.352234,50.435608],[15.352247,50.435529],[15.352249,50.435523],[15.352271,50.435525],[15.352278,50.435521],[15.352879,50.435564],[15.352895,50.435565],[15.35298,50.435571],[15.352996,50.435572],[15.353119,50.435581],[15.353118,50.435587],[15.353063,50.435943],[15.353056,50.435942],[15.352948,50.435935],[15.352943,50.435966],[15.352935,50.436013],[15.352927,50.436063],[15.352926,50.436071],[15.352764,50.436058]]]}},
{"type":"Feature","properties":{"id":"CP.1761460604","metadataproperty":null,"description_href":null,"description_title":null,"description_nilreason":null,"description":null,"descriptionreference_href":null,"descriptionreference_title":null,"descriptionreference_nilreason":null,"identifier_codespace":null,"identifier":null,"name":null,"location_location":null,"areavalue_nilreason":null,"areavalue_uom":"m2","areavalue_nil":false,"areavalue":2067.0,"beginlifespanversion_nilreason":null,"beginlifespanversion":"2022-09-29T05:02:57","endlifespanversion_nilreason":"http://inspire.ec.europa.eu/codelist/VoidReasonValue/Unpopulated","endlifespanversion_nil":false,"endlifespanversion":null,"inspireid_identifier_localid":"CP.1761460604","inspireid_identifier_namespace":"CZ-00025712-CUZK_CP","inspireid_identifier_versionid_nilreason":null,"inspireid_identifier_versionid_nil":false,"inspireid_identifier_versionid":null,"label":"1184","nationalcadastralreference":"659541-1184","validfrom_nilreason":"http://inspire.ec.europa.eu/codelist/VoidReasonValue/Unpopulated","validfrom_nil":false,"validfrom":null,"validto_nilreason":null,"validto_nil":false,"validto":null,"basicpropertyunit":null,"administrativeunit_owns":false,"administrativeunit_href":"http://services.cuzk.cz/wfs/inspire-au-wfs.asp?service=WFS&VERSION=2.0.0&request=GetFeature&storedQuery_id=urn:ogc:def:query:OGC-WFS::GetFeatureById&Id=AU.572659","administrativeunit_title":"Jičín","administrativeunit_nilreason":null,"zoning_owns":false,"zoning_href":"http://services.cuzk.cz/wfs/inspire-cp-wfs.asp?service=WFS&VERSION=2.0.0&request=GetFeature&storedQuery_id=urn:ogc:def:query:OGC-WFS::GetFeatureById&Id=CZ.659541","zoning_title":"Jičín","zoning_nilreason":null},"geometry":{"type":"Polygon","coordinates":[[[15.351654,50.435719],[15.351656,50.435719],[15.351657,50.435709],[15.35166,50.435709],[15.351665,50.435671],[15.351663,50.435671],[15.351665,50.435661],[15.351663,50.435661],[15.351681,50.43557],[15.351723,50.43531],[15.351727,50.43531],[15.351732,50.43528],[15.351727,50.43528],[15.351739,50.435208],[15.351749,50.435146],[15.351777,50.434986],[15.351816,50.434989],[15.351945,50.435],[15.351958,50.435001],[15.352001,50.435004],[15.351974,50.435163],[15.351972,50.435174],[15.351903,50.435583],[15.35186,50.435836],[15.351755,50.436463],[15.351751,50.436489],[15.351747,50.436489],[15.351743,50.436491],[15.35174,50.436492],[15.351737,50.436494],[15.351735,50.436497],[15.351735,50.436499],[15.351735,50.436502],[15.351665,50.436493],[15.351681,50.436443],[15.351704,50.436262],[15.351712,50.436254],[15.351717,50.436218],[15.351721,50.436194],[15.351736,50.436042],[15.351746,50.435966],[15.351739,50.435965],[15.351621,50.435958],[15.351624,50.435936],[15.351634,50.435873],[15.351637,50.435855],[15.351645,50.435803],[15.351641,50.435803],[15.351654,50.435719]]]}},
{"type":"Feature","properties":{"id":"CP.1753350604","metadataproperty":null,"description_href":null,"description_title":null,"description_nilreason":null,"description":null,"descriptionreference_href":null,"descriptionreference_title":null,"descriptionreference_nilreason":null,"identifier_codespace":null,"identifier":null,"name":null,"location_location":null,"areavalue_nilreason":null,"areavalue_uom":"m2","areavalue_nil":false,"areavalue":165.0,"beginlifespanversion_nilreason":null,"beginlifespanversion":"2022-09-29T05:02:57","endlifespanversion_nilreason":"http://inspire.ec.europa.eu/codelist/VoidReasonValue/Unpopulated","endlifespanversion_nil":false,"endlifespanversion":null,"inspireid_identifier_localid":"CP.1753350604","inspireid_identifier_namespace":"CZ-00025712-CUZK_CP","inspireid_identifier_versionid_nilreason":null,"inspireid_identifier_versionid_nil":false,"inspireid_identifier_versionid":null,"label":"st. 129","nationalcadastralreference":"659541-st. 129","validfrom_nilreason":"http://inspire.ec.europa.eu/codelist/VoidReasonValue/Unpopulated","validfrom_nil":false,"validfrom":null,"validto_nilreason":null,"validto_nil":false,"validto":null,"basicpropertyunit":null,"administrativeunit_owns":false,"administrativeunit_href":"http://services.cuzk.cz/wfs/inspire-au-wfs.asp?service=WFS&VERSION=2.0.0&request=GetFeature&storedQuery_id=urn:ogc:def:query:OGC-WFS::GetFeatureById&Id=AU.572659","administrativeunit_title":"Jičín","administrativeunit_nilreason":null,"zoning_owns":false,"zoning_href":"http://services.cuzk.cz/wfs/inspire-cp-wfs.asp?service=WFS&VERSION=2.0.0&request=GetFeature&storedQuery_id=urn:ogc:def:query:OGC-WFS::GetFeatureById&Id=CZ.659541","zoning_title":"Jičín","zoning_nilreason":null},"geometry":{"type":"Polygon","coordinates":[[[15.353807,50.435365],[15.353756,50.435363],[15.353689,50.43535],[15.353763,50.435212],[15.353865,50.435212],[15.353861,50.435276],[15.353863,50.435315],[15.353861,50.435367],[15.353807,50.435365]]]}},
{"type":"Feature","properties":{"id":"CP.1760178604","metadataproperty":null,"description_href":null,"description_title":null,"description_nilreason":null,"description":null,"descriptionreference_href":null,"descriptionreference_title":null,"descriptionreference_nilreason":null,"identifier_codespace":null,"identifier":null,"name":null,"location_location":null,"areavalue_nilreason":null,"areavalue_uom":"m2","areavalue_nil":false,"areavalue":44.0,"beginlifespanversion_nilreason":null,"beginlifespanversion":"2022-09-29T05:02:57","endlifespanversion_nilreason":"http://inspire.ec.europa.eu/codelist/VoidReasonValue/Unpopulated","endlifespanversion_nil":false,"endlifespanversion":null,"inspireid_identifier_localid":"CP.1760178604","inspireid_identifier_namespace":"CZ-00025712-CUZK_CP","inspireid_identifier_versionid_nilreason":null,"inspireid_identifier_versionid_nil":false,"inspireid_identifier_versionid":null,"label":"782/11","nationalcadastralreference":"659541-782/11","validfrom_nilreason":"http://inspire.ec.europa.eu/codelist/VoidReasonValue/Unpopulated","validfrom_nil":false,"validfrom":null,"validto_nilreason":null,"validto_nil":false,"validto":null,"basicpropertyunit":null,"administrativeunit_owns":false,"administrativeunit_href":"http://services.cuzk.cz/wfs/inspire-au-wfs.asp?service=WFS&VERSION=2.0.0&request=GetFeature&storedQuery_id=urn:ogc:def:query:OGC-WFS::GetFeatureById&Id=AU.572659","administrativeunit_title":"Jičín","administrativeunit_nilreason":null,"zoning_owns":false,"zoning_href":"http://services.cuzk.cz/wfs/inspire-cp-wfs.asp?service=WFS&VERSION=2.0.0&request=GetFeature&storedQuery_id=urn:ogc:def:query:OGC-WFS::GetFeatureById&Id=CZ.659541","zoning_title":"Jičín","zoning_nilreason":null},"geometry":{"type":"Polygon","coordinates":[[[15.355169,50.434973],[15.355157,50.434976],[15.355155,50.434972],[15.355151,50.434966],[15.355059,50.434831],[15.355108,50.434817],[15.355168,50.434961],[15.355171,50.434967],[15.355173,50.434972],[15.355169,50.434973]]]}},
{"type":"Feature","properties":{"id":"CP.1760177604","metadataproperty":null,"description_href":null,"description_title":null,"description_nilreason":null,"description":null,"descriptionreference_href":null,"descriptionreference_title":null,"descriptionreference_nilreason":null,"identifier_codespace":null,"identifier":null,"name":null,"location_location":null,"areavalue_nilreason":null,"areavalue_uom":"m2","areavalue_nil":false,"areavalue":54.0,"beginlifespanversion_nilreason":null,"beginlifespanversion":"2022-09-29T05:02:57","endlifespanversion_nilreason":"http://inspire.ec.europa.eu/codelist/VoidReasonValue/Unpopulated","endlifespanversion_nil":false,"endlifespanversion":null,"inspireid_identifier_localid":"CP.1760177604","inspireid_identifier_namespace":"CZ-00025712-CUZK_CP","inspireid_identifier_versionid_nilreason":null,"inspireid_identifier_versionid_nil":false,"inspireid_identifier_versionid":null,"label":"782/10","nationalcadastralreference":"659541-782/10","validfrom_nilreason":"http://inspire.ec.europa.eu/codelist/VoidReasonValue/Unpopulated","validfrom_nil":false,"validfrom":null,"validto_nilreason":null,"validto_nil":false,"validto":null,"basicpropertyunit":null,"administrativeunit_owns":false,"administrativeunit_href":"http://services.cuzk.cz/wfs/inspire-au-wfs.asp?service=WFS&VERSION=2.0.0&request=GetFeature&storedQuery_id=urn:ogc:def:query:OGC-WFS::GetFeatureById&Id=AU.572659","administrativeunit_title":"Jičín","administrativeunit_nilreason":null,"zoning_owns":false,"zoning_href":"http://services.cuzk.cz/wfs/inspire-cp-wfs.asp?service=WFS&VERSION=2.0.0&request=GetFeature&storedQuery_id=urn:ogc:def:query:OGC-WFS::GetFeatureById&Id=CZ.659541","zoning_title":"Jičín","zoning_nilreason":null},"geometry":{"type":"Polygon","coordinates":[[[15.355168,50.434961],[15.355108,50.434817],[15.355128,50.434811],[15.355223,50.434943],[15.355227,50.434948],[15.355232,50.434955],[15.355173,50.434972],[15.355171,50.434967],[15.355168,50.434961]]]}},
{"type":"Feature","properties":{"id":"CP.1760199604","metadataproperty":null,"description_href":null,"description_title":null,"description_nilreason":null,"description":null,"descriptionreference_href":null,"descriptionreference_title":null,"descriptionreference_nilreason":null,"identifier_codespace":null,"identifier":null,"name":null,"location_location":null,"areavalue_nilreason":null,"areavalue_uom":"m2","areavalue_nil":false,"areavalue":103.0,"beginlifespanversion_nilreason":null,"beginlifespanversion":"2022-09-29T05:02:57","endlifespanversion_nilreason":"http://inspire.ec.europa.eu/codelist/VoidReasonValue/Unpopulated","endlifespanversion_nil":false,"endlifespanversion":null,"inspireid_identifier_localid":"CP.1760199604","inspireid_identifier_namespace":"CZ-00025712-CUZK_CP","inspireid_identifier_versionid_nilreason":null,"inspireid_identifier_versionid_nil":false,"inspireid_identifier_versionid":null,"label":"784/13","nationalcadastralreference":"659541-784/13","validfrom_nilreason":"http://inspire.ec.europa.eu/codelist/VoidReasonValue/Unpopulated","validfrom_nil":false,"validfrom":null,"validto_nilreason":null,"validto_nil":false,"validto":null,"basicpropertyunit":null,"administrativeunit_owns":false,"administrativeunit_href":"http://services.cuzk.cz/wfs/inspire-au-wfs.asp?service=WFS&VERSION=2.0.0&request=GetFeature&storedQuery_id=urn:ogc:def:query:OGC-WFS::GetFeatureById&Id=AU.572659","administrativeunit_title":"Jičín","administrativeunit_nilreason":null,"zoning_owns":false,"zoning_href":"http://services.cuzk.cz/wfs/inspire-cp-wfs.asp?service=WFS&VERSION=2.0.0&request=GetFeature&storedQuery_id=urn:ogc:def:query:OGC-WFS::GetFeatureById&Id=CZ.659541","zoning_title":"Jičín","zoning_nilreason":null},"geometry":{"type":"Polygon","coordinates":[[[15.355144,50.435598],[15.355086,50.435476],[15.355175,50.435455],[15.355186,50.435453],[15.355235,50.435583],[15.355231,50.435584],[15.355144,50.435598]]]}},
{"type":"Feature","properties":{"id":"CP.1760195604","metadataproperty":null,"description_href":null,"description_title":null,"description_nilreason":null,"description":null,"descriptionreference_href":null,"descriptionreference_title":null,"descriptionreference_nilreason":null,"identifier_codespace":null,"identifier":null,"name":null,"location_location":null,"areavalue_nilreason":null,"areavalue_uom":"m2","areavalue_nil":false,"areavalue":96.0,"beginlifespanversion_nilreason":null,"beginlifespanversion":"2022-09-29T05:02:57","endlifespanversion_nilreason":"http://inspire.ec.europa.eu/codelist/VoidReasonValue/Unpopulated","endlifespanversion_nil":false,"endlifespanversion":null,"inspireid_identifier_localid":"CP.1760195604","inspireid_identifier_namespace":"CZ-00025712-CUZK_CP","inspireid_identifier_versionid_nilreason":null,"inspireid_identifier_versionid_nil":false,"inspireid_identifier_versionid":null,"label":"784/8","nationalcadastralreference":"659541-784/8","validfrom_nilreason":"http://inspire.ec.europa.eu/codelist/VoidReasonValue/Unpopulated","validfrom_nil":false,"validfrom":null,"validto_nilreason":null,"validto_nil":false,"validto":null,"basicpropertyunit":null,"administrativeunit_owns":false,"administrativeunit_href":"http://services.cuzk.cz/wfs/inspire-au-wfs.asp?service=WFS&VERSION=2.0.0&request=GetFeature&storedQuery_id=urn:ogc:def:query:OGC-WFS::GetFeatureById&Id=AU.572659","administrativeunit_title":"Jičín","administrativeunit_nilreason":null,"zoning_owns":false,"zoning_href":"http://services.cuzk.cz/wfs/inspire-cp-wfs.asp?service=WFS&VERSION=2.0.0&request=GetFeature&storedQuery_id=urn:ogc:def:query:OGC-WFS::GetFeatureById&Id=CZ.659541","zoning_title":"Jičín","zoning_nilreason":null},"geometry":{"type":"Polygon","coordinates":[[[15.355166,50.435649],[15.355116,50.43567],[15.355079,50.435682],[15.354999,50.435706],[15.354983,50.435662],[15.354995,50.43566],[15.354982,50.435625],[15.355144,50.435598],[15.355166,50.435649]]]}},
{"type":"Feature","properties":{"id":"CP.1760198604","metadataproperty":null,"description_href":null,"description_title":null,"description_nilreason":null,"description":null,"descriptionreference_href":null,"descriptionreference_title":null,"descriptionreference_nilreason":null,"identifier_codespace":null,"identifier":null,"name":null,"location_location":null,"areavalue_nilreason":null,"areavalue_uom":"m2","areavalue_nil":false,"areavalue":30.0,"beginlifespanversion_nilreason":null,"beginlifespanversion":"2022-09-29T05:02:57","endlifespanversion_nilreason":"http://inspire.ec.europa.eu/codelist/VoidReasonValue/Unpopulated","endlifespanversion_nil":false,"endlifespanversion":null,"inspireid_identifier_localid":"CP.1760198604","inspireid_identifier_namespace":"CZ-00025712-CUZK_CP","inspireid_identifier_versionid_nilreason":null,"inspireid_identifier_versionid_nil":false,"inspireid_identifier_versionid":null,"label":"784/11","nationalcadastralreference":"659541-784/11","validfrom_nilreason":"http://inspire.ec.europa.eu/codelist/VoidReasonValue/Unpopulated","validfrom_nil":false,"validfrom":null,"validto_nilreason":null,"validto_nil":false,"validto":null,"basicpropertyunit":null,"administrativeunit_owns":false,"administrativeunit_href":"http://services.cuzk.cz/wfs/inspire-au-wfs.asp?service=WFS&VERSION=2.0.0&request=GetFeature&storedQuery_id=urn:ogc:def:query:OGC-WFS::GetFeatureById&Id=AU.572659","administrativeunit_title":"Jičín","administrativeunit_nilreason":null,"zoning_owns":false,"zoning_href":"http://services.cuzk.cz/wfs/inspire-cp-wfs.asp?service=WFS&VERSION=2.0.0&request=GetFeature&storedQuery_id=urn:ogc:def:query:OGC-WFS::GetFeatureById&Id=CZ.659541","zoning_title":"Jičín","zoning_nilreason":null},"geometry":{"type":"Polygon","coordinates":[[[15.355144,50.435598],[15.355231,50.435584],[15.355243,50.435616],[15.355166,50.435649],[15.355144,50.435598]]]}},
{"type":"Feature","properties":{"id":"CP.1762432604","metadataproperty":null,"description_href":null,"description_title":null,"description_nilreason":null,"description":null,"descriptionreference_href":null,"descriptionreference_title":null,"descriptionreference_nilreason":null,"identifier_codespace":null,"identifier":null,"name":null,"location_location":null,"areavalue_nilreason":null,"areavalue_uom":"m2","areavalue_nil":false,"areavalue":1.0,"beginlifespanversion_nilreason":null,"beginlifespanversion":"2022-09-29T05:02:57","endlifespanversion_nilreason":"http://inspire.ec.europa.eu/codelist/VoidReasonValue/Unpopulated","endlifespanversion_nil":false,"endlifespanversion":null,"inspireid_identifier_localid":"CP.1762432604","inspireid_identifier_namespace":"CZ-00025712-CUZK_CP","inspireid_identifier_versionid_nilreason":null,"inspireid_identifier_versionid_nil":false,"inspireid_identifier_versionid":null,"label":"1968/3","nationalcadastralreference":"659541-1968/3","validfrom_nilreason":"http://inspire.ec.europa.eu/codelist/VoidReasonValue/Unpopulated","validfrom_nil":false,"validfrom":null,"validto_nilreason":null,"validto_nil":false,"validto":null,"basicpropertyunit":null,"administrativeunit_owns":false,"administrativeunit_href":"http://services.cuzk.cz/wfs/inspire-au-wfs.asp?service=WFS&VERSION=2.0.0&request=GetFeature&storedQuery_id=urn:ogc:def:query:OGC-WFS::GetFeatureById&Id=AU.572659","administrativeunit_title":"Jičín","administrativeunit_nilreason":null,"zoning_owns":false,"zoning_href":"http://services.cuzk.cz/wfs/inspire-cp-wfs.asp?service=WFS&VERSION=2.0.0&request=GetFeature&storedQuery_id=urn:ogc:def:query:OGC-WFS::GetFeatureById&Id=CZ.659541","zoning_title":"Jičín","zoning_nilreason":null},"geometry":{"type":"Polygon","coordinates":[[[15.355268,50.435681],[15.355243,50.435616],[15.355246,50.435615],[15.355268,50.435681]]]}},
{"type":"Feature","properties":{"id":"CP.1760187604","metadataproperty":null,"description_href":null,"description_title":null,"description_nilreason":null,"description":null,"descriptionreference_href":null,"descriptionreference_title":null,"descriptionreference_nilreason":null,"identifier_codespace":null,"identifier":null,"name":null,"location_location":null,"areavalue_nilreason":null,"areavalue_uom":"m2","areavalue_nil":false,"areavalue":178.0,"beginlifespanversion_nilreason":null,"beginlifespanversion":"2022-09-29T05:02:57","endlifespanversion_nilreason":"http://inspire.ec.europa.eu/codelist/VoidReasonValue/Unpopulated","endlifespanversion_nil":false,"endlifespanversion":null,"inspireid_identifier_localid":"CP.1760187604","inspireid_identifier_namespace":"CZ-00025712-CUZK_CP","inspireid_identifier_versionid_nilreason":null,"inspireid_identifier_versionid_nil":false,"inspireid_identifier_versionid":null,"label":"783/10","nationalcadastralreference":"659541-783/10","validfrom_nilreason":"http://inspire.ec.europa.eu/codelist/VoidReasonValue/Unpopulated","validfrom_nil":false,"validfrom":null,"validto_nilreason":null,"validto_nil":false,"validto":null,"basicpropertyunit":null,"administrativeunit_owns":false,"administrativeunit_href":"http://services.cuzk.cz/wfs/inspire-au-wfs.asp?service=WFS&VERSION=2.0.0&request=GetFeature&storedQuery_id=urn:ogc:def:query:OGC-WFS::GetFeatureById&Id=AU.572659","administrativeunit_title":"Jičín","administrativeunit_nilreason":null,"zoning_owns":false,"zoning_href":"http://services.cuzk.cz/wfs/inspire-cp-wfs.asp?service=WFS&VERSION=2.0.0&request=GetFeature&storedQuery_id=urn:ogc:def:query:OGC-WFS::GetFeatureById&Id=CZ.659541","zoning_title":"Jičín","zoning_nilreason":null},"geometry":{"type":"Polygon","coordinates":[[[15.355278,50.435221],[15.355312,50.435213],[15.355611,50.435124],[15.355788,50.435073],[15.355813,50.435121],[15.355291,50.435251],[15.355278,50.435221]]]}},
{"type":"Feature","properties":{"id":"CP.1757415604","metadataproperty":null,"description_href":null,"description_title":null,"description_nilreason":null,"description":null,"descriptionreference_href":null,"descriptionreference_title":null,"descriptionreference_nilreason":null,"identifier_codespace":null,"identifier":null,"name":null,"location_location":null,"areavalue_nilreason":null,"areavalue_uom":"m2","areavalue_nil":false,"areavalue":32.0,"beginlifespanversion_nilreason":null,"beginlifespanversion":"2022-09-29T05:02:57","endlifespanversion_nilreason":"http://inspire.ec.europa.eu/codelist/VoidReasonValue/Unpopulated","endlifespanversion_nil":false,"endlifespanversion":null,"inspireid_identifier_localid":"CP.1757415604","inspireid_identifier_namespace":"CZ-00025712-CUZK_CP","inspireid_identifier_versionid_nilreason":null,"inspireid_identifier_versionid_nil":false,"inspireid_identifier_versionid":null,"label":"st. 3243","nationalcadastralreference":"659541-st. 3243","validfrom_nilreason":"http://inspire.ec.europa.eu/codelist/VoidReasonValue/Unpopulated","validfrom_nil":false,"validfrom":null,"validto_nilreason":null,"validto_nil":false,"validto":null,"basicpropertyunit":null,"administrativeunit_owns":false,"administrativeunit_href":"http://services.cuzk.cz/wfs/inspire-au-wfs.asp?service=WFS&VERSION=2.0.0&request=GetFeature&storedQuery_id=urn:ogc:def:query:OGC-WFS::GetFeatureById&Id=AU.572659","administrativeunit_title":"Jičín","administrativeunit_nilreason":null,"zoning_owns":false,"zoning_href":"http://services.cuzk.cz/wfs/inspire-cp-wfs.asp?service=WFS&VERSION=2.0.0&request=GetFeature&storedQuery_id=urn:ogc:def:query:OGC-WFS::GetFeatureById&Id=CZ.659541","zoning_title":"Jičín","zoning_nilreason":null},"geometry":{"type":"Polygon","coordinates":[[[15.355175,50.435454],[15.35515,50.43546],[15.355053,50.435482],[15.355036,50.435453],[15.355133,50.435431],[15.355163,50.435424],[15.355175,50.435454]]]}},
{"type":"Feature","properties":{"id":"CP.1757878604","metadataproperty":null,"description_href":null,"description_title":null,"description_nilreason":null,"description":null,"descriptionreference_href":null,"descriptionreference_title":null,"descriptionreference_nilreason":null,"identifier_codespace":null,"identifier":null,"name":null,"location_location":null,"areavalue_nilreason":null,"areavalue_uom":"m2","areavalue_nil":false,"areavalue":310.0,"beginlifespanversion_nilreason":null,"beginlifespanversion":"2022-09-29T05:02:57","endlifespanversion_nilreason":"http://inspire.ec.europa.eu/codelist/VoidReasonValue/Unpopulated","endlifespanversion_nil":false,"endlifespanversion":null,"inspireid_identifier_localid":"CP.1757878604","inspireid_identifier_namespace":"CZ-00025712-CUZK_CP","inspireid_identifier_versionid_nilreason":null,"inspireid_identifier_versionid_nil":false,"inspireid_identifier_versionid":null,"label":"31/2","nationalcadastralreference":"659541-31/2","validfrom_nilreason":"http://inspire.ec.europa.eu/codelist/VoidReasonValue/Unpopulated","validfrom_nil":false,"validfrom":null,"validto_nilreason":null,"validto_nil":false,"validto":null,"basicpropertyunit":null,"administrativeunit_owns":false,"administrativeunit_href":"http://services.cuzk.cz/wfs/inspire-au-wfs.asp?service=WFS&VERSION=2.0.0&request=GetFeature&storedQuery_id=urn:ogc:def:query:OGC-WFS::GetFeatureById&Id=AU.572659","administrativeunit_title":"Jičín","administrativeunit_nilreason":null,"zoning_owns":false,"zoning_href":"http://services.cuzk.cz/wfs/inspire-cp-wfs.asp?service=WFS&VERSION=2.0.0&request=GetFeature&storedQuery_id=urn:ogc:def:query:OGC-WFS::GetFeatureById&Id=CZ.659541","zoning_title":"Jičín","zoning_nilreason":null},"geometry":{"type":"Polygon","coordinates":[[[15.353996,50.435764],[15.354006,50.435695],[15.353963,50.435694],[15.353961,50.435696],[15.353889,50.435684],[15.353948,50.435634],[15.354105,50.435589],[15.354216,50.43574],[15.354225,50.435752],[15.354204,50.435759],[15.353968,50.435828],[15.353996,50.435764]]]}},
{"type":"Feature","properties":{"id":"CP.1754546604","metadataproperty":null,"description_href":null,"description_title":null,"description_nilreason":null,"description":null,"descriptionreference_href":null,"descriptionreference_title":null,"descriptionreference_nilreason":null,"identifier_codespace":null,"identifier":null,"name":null,"location_location":null,"areavalue_nilreason":null,"areavalue_uom":"m2","areavalue_nil":false,"areavalue":220.0,"beginlifespanversion_nilreason":null,"beginlifespanversion":"2022-09-29T05:02:57","endlifespanversion_nilreason":"http://inspire.ec.europa.eu/codelist/VoidReasonValue/Unpopulated","endlifespanversion_nil":false,"endlifespanversion":null,"inspireid_identifier_localid":"CP.1754546604","inspireid_identifier_namespace":"CZ-00025712-CUZK_CP","inspireid_identifier_versionid_nilreason":null,"inspireid_identifier_versionid_nil":false,"inspireid_identifier_versionid":null,"label":"st. 1381","nationalcadastralreference":"659541-st. 1381","validfrom_nilreason":"http://inspire.ec.europa.eu/codelist/VoidReasonValue/Unpopulated","validfrom_nil":false,"validfrom":null,"validto_nilreason":null,"validto_nil":false,"validto":null,"basicpropertyunit":null,"administrativeunit_owns":false,"administrativeunit_href":"http://services.cuzk.cz/wfs/inspire-au-wfs.asp?service=WFS&VERSION=2.0.0&request=GetFeature&storedQuery_id=urn:ogc:def:query:OGC-WFS::GetFeatureById&Id=AU.572659","administrativeunit_title":"Jičín","administrativeunit_nilreason":null,"zoning_owns":false,"zoning_href":"http://services.cuzk.cz/wfs/inspire-cp-wfs.asp?service=WFS&VERSION=2.0.0&request=GetFeature&storedQuery_id=urn:ogc:def:query:OGC-WFS::GetFeatureById&Id=CZ.659541","zoning_title":"Jičín","zoning_nilreason":null},"geometry":{"type":"Polygon","coordinates":[[[15.354305,50.435529],[15.354155,50.435574],[15.354105,50.435589],[15.354054,50.435534],[15.354078,50.435497],[15.354087,50.435482],[15.354125,50.435422],[15.354205,50.435393],[15.354305,50.435529]]]}},
{"type":"Feature","properties":{"id":"CP.1753921604","metadataproperty":null,"description_href":null,"description_title":null,"description_nilreason":null,"description":null,"descriptionreference_href":null,"descriptionreference_title":null,"descriptionreference_nilreason":null,"identifier_codespace":null,"identifier":null,"name":null,"location_location":null,"areavalue_nilreason":null,"areavalue_uom":"m2","areavalue_nil":false,"areavalue":272.0,"beginlifespanversion_nilreason":null,"beginlifespanversion":"2022-09-29T05:02:57","endlifespanversion_nilreason":"http://inspire.ec.europa.eu/codelist/VoidReasonValue/Unpopulated","endlifespanversion_nil":false,"endlifespanversion":null,"inspireid_identifier_localid":"CP.1753921604","inspireid_identifier_namespace":"CZ-00025712-CUZK_CP","inspireid_identifier_versionid_nilreason":null,"inspireid_identifier_versionid_nil":false,"inspireid_identifier_versionid":null,"label":"st. 743","nationalcadastralreference":"659541-st. 743","validfrom_nilreason":"http://inspire.ec.europa.eu/codelist/VoidReasonValue/Unpopulated","validfrom_nil":false,"validfrom":null,"validto_nilreason":null,"validto_nil":false,"validto":null,"basicpropertyunit":null,"administrativeunit_owns":false,"administrativeunit_href":"http://services.cuzk.cz/wfs/inspire-au-wfs.asp?service=WFS&VERSION=2.0.0&request=GetFeature&storedQuery_id=urn:ogc:def:query:OGC-WFS::GetFeatureById&Id=AU.572659","administrativeunit_title":"Jičín","administrativeunit_nilreason":null,"zoning_owns":false,"zoning_href":"http://services.cuzk.cz/wfs/inspire-cp-wfs.asp?service=WFS&VERSION=2.0.0&request=GetFeature&storedQuery_id=urn:ogc:def:query:OGC-WFS::GetFeatureById&Id=CZ.659541","zoning_title":"Jičín","zoning_nilreason":null},"geometry":{"type":"Polygon","coordinates":[[[15.354623,50.435689],[15.354786,50.435659],[15.354798,50.435656],[15.35483,50.435651],[15.354849,50.435648],[15.354875,50.435644],[15.354931,50.435634],[15.354939,50.435633],[15.354982,50.435625],[15.354995,50.43566],[15.354983,50.435662],[15.354999,50.435706],[15.354862,50.435748],[15.354698,50.435792],[15.354623,50.435689]]]}},
{"type":"Feature","properties":{"id":"CP.1762429604","metadataproperty":null,"description_href":null,"description_title":null,"description_nilreason":null,"description":null,"descriptionreference_href":null,"descriptionreference_title":null,"descriptionreference_nilreason":null,"identifier_codespace":null,"identifier":null,"name":null,"location_location":null,"areavalue_nilreason":null,"areavalue_uom":"m2","areavalue_nil":false,"areavalue":141.0,"beginlifespanversion_nilreason":null,"beginlifespanversion":"2022-09-29T05:02:57","endlifespanversion_nilreason":"http://inspire.ec.europa.eu/codelist/VoidReasonValue/Unpopulated","endlifespanversion_nil":false,"endlifespanversion":null,"inspireid_identifier_localid":"CP.1762429604","inspireid_identifier_namespace":"CZ-00025712-CUZK_CP","inspireid_identifier_versionid_nilreason":null,"inspireid_identifier_versionid_nil":false,"inspireid_identifier_versionid":null,"label":"1967","nationalcadastralreference":"659541-1967","validfrom_nilreason":"http://inspire.ec.europa.eu/codelist/VoidReasonValue/Unpopulated","validfrom_nil":false,"validfrom":null,"validto_nilreason":null,"validto_nil":false,"validto":null,"basicpropertyunit":null,"administrativeunit_owns":false,"administrativeunit_href":"http://services.cuzk.cz/wfs/inspire-au-wfs.asp?service=WFS&VERSION=2.0.0&request=GetFeature&storedQuery_id=urn:ogc:def:query:OGC-WFS::GetFeatureById&Id=AU.572659","administrativeunit_title":"Jičín","administrativeunit_nilreason":null,"zoning_owns":false,"zoning_href":"http://services.cuzk.cz/wfs/inspire-cp-wfs.asp?service=WFS&VERSION=2.0.0&request=GetFeature&storedQuery_id=urn:ogc:def:query:OGC-WFS::GetFeatureById&Id=CZ.659541","zoning_title":"Jičín","zoning_nilreason":null},"geometry":{"type":"Polygon","coordinates":[[[15.355268,50.435681],[15.354931,50.435778],[15.354858,50.435795],[15.354829,50.435803],[15.354802,50.435813],[15.354778,50.435823],[15.354738,50.435846],[15.354698,50.435792],[15.354862,50.435748],[15.355046,50.435717],[15.355186,50.435694],[15.355268,50.435681]]]}},
{"type":"Feature","properties":{"id":"CP.1760184604","metadataproperty":null,"description_href":null,"description_title":null,"description_nilreason":null,"description":null,"descriptionreference_href":null,"descriptionreference_title":null,"descriptionreference_nilreason":null,"identifier_codespace":null,"identifier":null,"name":null,"location_location":null,"areavalue_nilreason":null,"areavalue_uom":"m2","areavalue_nil":false,"areavalue":217.0,"beginlifespanversion_nilreason":null,"beginlifespanversion":"2022-09-29T05:02:57","endlifespanversion_nilreason":"http://inspire.ec.europa.eu/codelist/VoidReasonValue/Unpopulated","endlifespanversion_nil":false,"endlifespanversion":null,"inspireid_identifier_localid":"CP.1760184604","inspireid_identifier_namespace":"CZ-00025712-CUZK_CP","inspireid_identifier_versionid_nilreason":null,"inspireid_identifier_versionid_nil":false,"inspireid_identifier_versionid":null,"label":"783/5","nationalcadastralreference":"659541-783/5","validfrom_nilreason":"http://inspire.ec.europa.eu/codelist/VoidReasonValue/Unpopulated","validfrom_nil":false,"validfrom":null,"validto_nilreason":null,"validto_nil":false,"validto":null,"basicpropertyunit":null,"administrativeunit_owns":false,"administrativeunit_href":"http://services.cuzk.cz/wfs/inspire-au-wfs.asp?service=WFS&VERSION=2.0.0&request=GetFeature&storedQuery_id=urn:ogc:def:query:OGC-WFS::GetFeatureById&Id=AU.572659","administrativeunit_title":"Jičín","administrativeunit_nilreason":null,"zoning_owns":false,"zoning_href":"http://services.cuzk.cz/wfs/inspire-cp-wfs.asp?service=WFS&VERSION=2.0.0&request=GetFeature&storedQuery_id=urn:ogc:def:query:OGC-WFS::GetFeatureById&Id=CZ.659541","zoning_title":"Jičín","zoning_nilreason":null},"geometry":{"type":"Polygon","coordinates":[[[15.355086,50.435476],[15.354874,50.435526],[15.354841,50.435534],[15.354806,50.435467],[15.354796,50.435452],[15.35483,50.435444],[15.354912,50.435423],[15.355068,50.435388],[15.355141,50.435371],[15.355163,50.435424],[15.355133,50.435431],[15.355036,50.435453],[15.355053,50.435482],[15.35515,50.43546],[15.355175,50.435454],[15.355175,50.435455],[15.355086,50.435476]]]}},
{"type":"Feature","properties":{"id":"CP.1754485604","metadataproperty":null,"description_href":null,"description_title":null,"description_nilreason":null,"description":null,"descriptionreference_href":null,"descriptionreference_title":null,"descriptionreference_nilreason":null,"identifier_codespace":null,"identifier":null,"name":null,"location_location":null,"areavalue_nilreason":null,"areavalue_uom":"m2","areavalue_nil":false,"areavalue":309.0,"beginlifespanversion_nilreason":null,"beginlifespanversion":"2022-09-29T05:02:57","endlifespanversion_nilreason":"http://inspire.ec.europa.eu/codelist/VoidReasonValue/Unpopulated","endlifespanversion_nil":false,"endlifespanversion":null,"inspireid_identifier_localid":"CP.1754485604","inspireid_identifier_namespace":"CZ-00025712-CUZK_CP","inspireid_identifier_versionid_nilreason":null,"inspireid_identifier_versionid_nil":false,"inspireid_identifier_versionid":null,"label":"st. 1319","nationalcadastralreference":"659541-st. 1319","validfrom_nilreason":"http://inspire.ec.europa.eu/codelist/VoidReasonValue/Unpopulated","validfrom_nil":false,"validfrom":null,"validto_nilreason":null,"validto_nil":false,"validto":null,"basicpropertyunit":null,"administrativeunit_owns":false,"administrativeunit_href":"http://services.cuzk.cz/wfs/inspire-au-wfs.asp?service=WFS&VERSION=2.0.0&request=GetFeature&storedQuery_id=urn:ogc:def:query:OGC-WFS::GetFeatureById&Id=AU.572659","administrativeunit_title":"Jičín","administrativeunit_nilreason":null,"zoning_owns":false,"zoning_href":"http://services.cuzk.cz/wfs/inspire-cp-wfs.asp?service=WFS&VERSION=2.0.0&request=GetFeature&storedQuery_id=urn:ogc:def:query:OGC-WFS::GetFeatureById&Id=CZ.659541","zoning_title":"Jičín","zoning_nilreason":null},"geometry":{"type":"Polygon","coordinates":[[[15.354105,50.435589],[15.354155,50.435574],[15.354305,50.435529],[15.354421,50.435687],[15.354274,50.435736],[15.354249,50.435744],[15.354225,50.435752],[15.354216,50.43574],[15.354105,50.435589]]]}},
{"type":"Feature","properties":{"id":"CP.1753731604","metadataproperty":null,"description_href":null,"description_title":null,"description_nilreason":null,"description":null,"descriptionreference_href":null,"descriptionreference_title":null,"descriptionreference_nilreason":null,"identifier_codespace":null,"identifier":null,"name":null,"location_location":null,"areavalue_nilreason":null,"areavalue_uom":"m2","areavalue_nil":false,"areavalue":212.0,"beginlifespanversion_nilreason":null,"beginlifespanversion":"2022-09-29T05:02:57","endlifespanversion_nilreason":"http://inspire.ec.europa.eu/codelist/VoidReasonValue/Unpopulated","endlifespanversion_nil":false,"endlifespanversion":null,"inspireid_identifier_localid":"CP.1753731604","inspireid_identifier_namespace":"CZ-00025712-CUZK_CP","inspireid_identifier_versionid_nilreason":null,"inspireid_identifier_versionid_nil":false,"inspireid_identifier_versionid":null,"label":"st. 564","nationalcadastralreference":"659541-st. 564","validfrom_nilreason":"http://inspire.ec.europa.eu/codelist/VoidReasonValue/Unpopulated","validfrom_nil":false,"validfrom":null,"validto_nilreason":null,"validto_nil":false,"validto":null,"basicpropertyunit":null,"administrativeunit_owns":false,"administrativeunit_href":"http://services.cuzk.cz/wfs/inspire-au-wfs.asp?service=WFS&VERSION=2.0.0&request=GetFeature&storedQuery_id=urn:ogc:def:query:OGC-WFS::GetFeatureById&Id=AU.572659","administrativeunit_title":"Jičín","administrativeunit_nilreason":null,"zoning_owns":false,"zoning_href":"http://services.cuzk.cz/wfs/inspire-cp-wfs.asp?service=WFS&VERSION=2.0.0&request=GetFeature&storedQuery_id=urn:ogc:def:query:OGC-WFS::GetFeatureById&Id=CZ.659541","zoning_title":"Jičín","zoning_nilreason":null},"geometry":{"type":"Polygon","coordinates":[[[15.354741,50.435558],[15.354717,50.435563],[15.354559,50.435597],[15.354497,50.43551],[15.354645,50.435488],[15.354664,50.435486],[15.354737,50.435467],[15.354796,50.435452],[15.354806,50.435467],[15.354841,50.435534],[15.354741,50.435558]]]}},
{"type":"Feature","properties":{"id":"CP.1761728604","metadataproperty":null,"description_href":null,"description_title":null,"description_nilreason":null,"description":null,"descriptionreference_href":null,"descriptionreference_title":null,"descriptionreference_nilreason":null,"identifier_codespace":null,"identifier":null,"name":null,"location_location":null,"areavalue_nilreason":null,"areavalue_uom":"m2","areavalue_nil":false,"areavalue":2879.0,"beginlifespanversion_nilreason":null,"beginlifespanversion":"2022-09-29T05:02:57","endlifespanversion_nilreason":"http://inspire.ec.europa.eu/codelist/VoidReasonValue/Unpopulated","endlifespanversion_nil":false,"endlifespanversion":null,"inspireid_identifier_localid":"CP.1761728604","inspireid_identifier_namespace":"CZ-00025712-CUZK_CP","inspireid_identifier_versionid_nilreason":null,"inspireid_identifier_versionid_nil":false,"inspireid_identifier_versionid":null,"label":"1365/1","nationalcadastralreference":"659541-1365/1","validfrom_nilreason":"http://inspire.ec.europa.eu/codelist/VoidReasonValue/Unpopulated","validfrom_nil":false,"validfrom":null,"validto_nilreason":null,"validto_nil":false,"validto":null,"basicpropertyunit":null,"administrativeunit_owns":false,"administrativeunit_href":"http://services.cuzk.cz/wfs/inspire-au-wfs.asp?service=WFS&VERSION=2.0.0&request=GetFeature&storedQuery_id=urn:ogc:def:query:OGC-WFS::GetFeatureById&Id=AU.572659","administrativeunit_title":"Jičín","administrativeunit_nilreason":null,"zoning_owns":false,"zoning_href":"http://services.cuzk.cz/wfs/inspire-cp-wfs.asp?service=WFS&VERSION=2.0.0&request=GetFeature&storedQuery_id=urn:ogc:def:query:OGC-WFS::GetFeatureById&Id=CZ.659541","zoning_title":"Jičín","zoning_nilreason":null},"geometry":{"type":"Polygon","coordinates":[[[15.354083,50.435104],[15.354078,50.43508],[15.354076,50.435053],[15.354229,50.435139],[15.354237,50.435184],[15.354246,50.435207],[15.354259,50.435233],[15.354282,50.435272],[15.354319,50.435265],[15.35435,50.435309],[15.354348,50.43531],[15.354382,50.435356],[15.354384,50.435356],[15.354416,50.4354],[15.354418,50.435399],[15.354497,50.43551],[15.354559,50.435597],[15.354623,50.435689],[15.354698,50.435792],[15.354738,50.435846],[15.354758,50.435874],[15.354845,50.435998],[15.354863,50.436024],[15.355015,50.436241],[15.355032,50.436268],[15.355075,50.436332],[15.355085,50.436331],[15.355102,50.436398],[15.355102,50.436399],[15.355104,50.436401],[15.355105,50.436401],[15.355108,50.436402],[15.35511,50.436402],[15.355117,50.436401],[15.35515,50.436438],[15.355157,50.436447],[15.355159,50.436447],[15.355204,50.436513],[15.355202,50.436514],[15.355223,50.436544],[15.355225,50.436543],[15.355227,50.436546],[15.35523,50.436548],[15.355233,50.43655],[15.355236,50.436551],[15.355258,50.43658],[15.354951,50.436616],[15.354857,50.436624],[15.354852,50.436625],[15.354893,50.436541],[15.354913,50.436503],[15.354874,50.436323],[15.35481,50.436233],[15.354777,50.436186],[15.354701,50.436078],[15.354519,50.435821],[15.354421,50.435687],[15.354305,50.435529],[15.354205,50.435393],[15.354175,50.435361],[15.354055,50.435227],[15.354024,50.435194],[15.353869,50.435158],[15.353826,50.435145],[15.353742,50.435126],[15.353575,50.435114],[15.353624,50.435091],[15.353765,50.435025],[15.35382,50.435035],[15.35393,50.435063],[15.354089,50.435113],[15.354083,50.435104]]]}},
{"type":"Feature","properties":{"id":"CP.1762430604","metadataproperty":null,"description_href":null,"description_title":null,"description_nilreason":null,"description":null,"descriptionreference_href":null,"descriptionreference_title":null,"descriptionreference_nilreason":null,"identifier_codespace":null,"identifier":null,"name":null,"location_location":null,"areavalue_nilreason":null,"areavalue_uom":"m2","areavalue_nil":false,"areavalue":55.0,"beginlifespanversion_nilreason":null,"beginlifespanversion":"2022-09-29T05:02:57","endlifespanversion_nilreason":"http://inspire.ec.europa.eu/codelist/VoidReasonValue/Unpopulated","endlifespanversion_nil":false,"endlifespanversion":null,"inspireid_identifier_localid":"CP.1762430604","inspireid_identifier_namespace":"CZ-00025712-CUZK_CP","inspireid_identifier_versionid_nilreason":null,"inspireid_identifier_versionid_nil":false,"inspireid_identifier_versionid":null,"label":"1968/1","nationalcadastralreference":"659541-1968/1","validfrom_nilreason":"http://inspire.ec.europa.eu/codelist/VoidReasonValue/Unpopulated","validfrom_nil":false,"validfrom":null,"validto_nilreason":null,"validto_nil":false,"validto":null,"basicpropertyunit":null,"administrativeunit_owns":false,"administrativeunit_href":"http://services.cuzk.cz/wfs/inspire-au-wfs.asp?service=WFS&VERSION=2.0.0&request=GetFeature&storedQuery_id=urn:ogc:def:query:OGC-WFS::GetFeatureById&Id=AU.572659","administrativeunit_title":"Jičín","administrativeunit_nilreason":null,"zoning_owns":false,"zoning_href":"http://services.cuzk.cz/wfs/inspire-cp-wfs.asp?service=WFS&VERSION=2.0.0&request=GetFeature&storedQuery_id=urn:ogc:def:query:OGC-WFS::GetFeatureById&Id=CZ.659541","zoning_title":"Jičín","zoning_nilreason":null},"geometry":{"type":"Polygon","coordinates":[[[15.355046,50.435717],[15.354862,50.435748],[15.354999,50.435706],[15.355079,50.435682],[15.355116,50.43567],[15.355166,50.435649],[15.355186,50.435694],[15.355046,50.435717]]]}},
{"type":"Feature","properties":{"id":"CP.1753352604","metadataproperty":null,"description_href":null,"description_title":null,"description_nilreason":null,"description":null,"descriptionreference_href":null,"descriptionreference_title":null,"descriptionreference_nilreason":null,"identifier_codespace":null,"identifier":null,"name":null,"location_location":null,"areavalue_nilreason":null,"areavalue_uom":"m2","areavalue_nil":false,"areavalue":548.0,"beginlifespanversion_nilreason":null,"beginlifespanversion":"2022-09-29T05:02:57","endlifespanversion_nilreason":"http://inspire.ec.europa.eu/codelist/VoidReasonValue/Unpopulated","endlifespanversion_nil":false,"endlifespanversion":null,"inspireid_identifier_localid":"CP.1753352604","inspireid_identifier_namespace":"CZ-00025712-CUZK_CP","inspireid_identifier_versionid_nilreason":null,"inspireid_identifier_versionid_nil":false,"inspireid_identifier_versionid":null,"label":"st. 136","nationalcadastralreference":"659541-st. 136","validfrom_nilreason":"http://inspire.ec.europa.eu/codelist/VoidReasonValue/Unpopulated","validfrom_nil":false,"validfrom":null,"validto_nilreason":null,"validto_nil":false,"validto":null,"basicpropertyunit":null,"administrativeunit_owns":false,"administrativeunit_href":"http://services.cuzk.cz/wfs/inspire-au-wfs.asp?service=WFS&VERSION=2.0.0&request=GetFeature&storedQuery_id=urn:ogc:def:query:OGC-WFS::GetFeatureById&Id=AU.572659","administrativeunit_title":"Jičín","administrativeunit_nilreason":null,"zoning_owns":false,"zoning_href":"http://services.cuzk.cz/wfs/inspire-cp-wfs.asp?service=WFS&VERSION=2.0.0&request=GetFeature&storedQuery_id=urn:ogc:def:query:OGC-WFS::GetFeatureById&Id=CZ.659541","zoning_title":"Jičín","zoning_nilreason":null},"geometry":{"type":"Polygon","coordinates":[[[15.354614,50.435377],[15.354573,50.435387],[15.354443,50.435392],[15.354418,50.435399],[15.354416,50.4354],[15.354384,50.435356],[15.354382,50.435356],[15.354348,50.43531],[15.35435,50.435309],[15.354319,50.435265],[15.354391,50.435244],[15.354515,50.435238],[15.35455,50.435234],[15.354739,50.435204],[15.354774,50.435279],[15.354897,50.435251],[15.354929,50.435306],[15.354786,50.435339],[15.35476,50.435344],[15.354643,50.435371],[15.35464,50.435372],[15.354614,50.435377]]]}},
{"type":"Feature","properties":{"id":"CP.1761726604","metadataproperty":null,"description_href":null,"description_title":null,"description_nilreason":null,"description":null,"descriptionreference_href":null,"descriptionreference_title":null,"descriptionreference_nilreason":null,"identifier_codespace":null,"identifier":null,"name":null,"location_location":null,"areavalue_nilreason":null,"areavalue_uom":"m2","areavalue_nil":false,"areavalue":9034.0,"beginlifespanversion_nilreason":null,"beginlifespanversion":"2022-09-29T05:02:57","endlifespanversion_nilreason":"http://inspire.ec.europa.eu/codelist/VoidReasonValue/Unpopulated","endlifespanversion_nil":false,"endlifespanversion":null,"inspireid_identifier_localid":"CP.1761726604","inspireid_identifier_namespace":"CZ-00025712-CUZK_CP","inspireid_identifier_versionid_nilreason":null,"inspireid_identifier_versionid_nil":false,"inspireid_identifier_versionid":null,"label":"1364/1","nationalcadastralreference":"659541-1364/1","validfrom_nilreason":"http://inspire.ec.europa.eu/codelist/VoidReasonValue/Unpopulated","validfrom_nil":false,"validfrom":null,"validto_nilreason":null,"validto_nil":false,"validto":null,"basicpropertyunit":null,"administrativeunit_owns":false,"administrativeunit_href":"http://services.cuzk.cz/wfs/inspire-au-wfs.asp?service=WFS&VERSION=2.0.0&request=GetFeature&storedQuery_id=urn:ogc:def:query:OGC-WFS::GetFeatureById&Id=AU.572659","administrativeunit_title":"Jičín","administrativeunit_nilreason":null,"zoning_owns":false,"zoning_href":"http://services.cuzk.cz/wfs/inspire-cp-wfs.asp?service=WFS&VERSION=2.0.0&request=GetFeature&storedQuery_id=urn:ogc:def:query:OGC-WFS::GetFeatureById&Id=CZ.659541","zoning_title":"Jičín","zoning_nilreason":null},"geometry":{"type":"Polygon","coordinates":[[[15.356226,50.436566],[15.356139,50.436582],[15.356027,50.436602],[15.355825,50.436639],[15.355602,50.43668],[15.355297,50.436725],[15.355111,50.436753],[15.354781,50.436769],[15.354797,50.436737],[15.354851,50.436627],[15.354852,50.436625],[15.354857,50.436624],[15.354951,50.436616],[15.355258,50.43658],[15.355236,50.436551],[15.355241,50.436553],[15.355246,50.436554],[15.355251,50.436554],[15.355256,50.436554],[15.355256,50.436555],[15.355307,50.436548],[15.355307,50.436546],[15.355459,50.436525],[15.355459,50.436526],[15.355509,50.436519],[15.355509,50.436518],[15.355714,50.436489],[15.355811,50.436474],[15.355811,50.436475],[15.355854,50.436468],[15.355854,50.436467],[15.355895,50.43646],[15.356074,50.436433],[15.356349,50.436391],[15.35635,50.436392],[15.356466,50.436375],[15.356466,50.436376],[15.35663,50.436352],[15.35663,50.43635],[15.35669,50.436341],[15.356717,50.436334],[15.356937,50.436284],[15.357043,50.436254],[15.357392,50.436166],[15.357368,50.436126],[15.357364,50.436119],[15.35735,50.436095],[15.357551,50.436042],[15.357783,50.435984],[15.357784,50.435985],[15.357838,50.435972],[15.358007,50.435926],[15.357999,50.435914],[15.358068,50.435896],[15.358075,50.435908],[15.358134,50.435893],[15.358155,50.435888],[15.358164,50.435902],[15.358259,50.435878],[15.358249,50.435863],[15.35827,50.435859],[15.358329,50.435843],[15.358322,50.435831],[15.358392,50.435813],[15.358401,50.435826],[15.358485,50.435804],[15.358486,50.435806],[15.358523,50.435796],[15.358582,50.435781],[15.358619,50.435771],[15.358619,50.43577],[15.3587,50.435749],[15.358723,50.435743],[15.358863,50.435708],[15.358924,50.435693],[15.359021,50.43567],[15.359019,50.435667],[15.359248,50.435608],[15.359251,50.435614],[15.359304,50.435601],[15.359311,50.435612],[15.359368,50.435598],[15.359361,50.435586],[15.359413,50.435573],[15.359409,50.435567],[15.359639,50.43551],[15.359641,50.435512],[15.359732,50.435489],[15.359731,50.435488],[15.359737,50.435486],[15.359764,50.435529],[15.360023,50.435459],[15.360166,50.435421],[15.360141,50.435381],[15.360193,50.435368],[15.360409,50.435312],[15.360542,50.435278],[15.360877,50.435191],[15.360885,50.435189],[15.360918,50.435181],[15.360923,50.43519],[15.360985,50.435291],[15.36103,50.435367],[15.361031,50.435368],[15.360814,50.435424],[15.360791,50.43543],[15.360644,50.435467],[15.360599,50.43548],[15.360446,50.435518],[15.360279,50.435561],[15.360044,50.435622],[15.359874,50.435663],[15.359639,50.435724],[15.359446,50.435774],[15.359261,50.435822],[15.359125,50.435857],[15.359124,50.435856],[15.359063,50.435872],[15.359013,50.435885],[15.358844,50.43593],[15.358817,50.435937],[15.358605,50.43599],[15.358405,50.43604],[15.358217,50.436087],[15.358142,50.436106],[15.357939,50.436156],[15.357938,50.436154],[15.357895,50.436166],[15.357895,50.436167],[15.357771,50.436198],[15.35777,50.436197],[15.357713,50.436211],[15.357714,50.436212],[15.35754,50.436255],[15.357541,50.436256],[15.357411,50.436293],[15.357241,50.436339],[15.357099,50.436375],[15.356908,50.436424],[15.356763,50.436461],[15.356616,50.436497],[15.356582,50.436503],[15.356581,50.436502],[15.356487,50.436519],[15.356488,50.43652],[15.356453,50.436526],[15.356226,50.436566]]]}},
{"type":"Feature","properties":{"id":"CP.1761461604","metadataproperty":null,"description_href":null,"description_title":null,"description_nilreason":null,"description":null,"descriptionreference_href":null,"descriptionreference_title":null,"descriptionreference_nilreason":null,"identifier_codespace":null,"identifier":null,"name":null,"location_location":null,"areavalue_nilreason":null,"areavalue_uom":"m2","areavalue_nil":false,"areavalue":3374.0,"beginlifespanversion_nilreason":null,"beginlifespanversion":"2022-09-29T05:02:57","endlifespanversion_nilreason":"http://inspire.ec.europa.eu/codelist/VoidReasonValue/Unpopulated","endlifespanversion_nil":false,"endlifespanversion":null,"inspireid_identifier_localid":"CP.1761461604","inspireid_identifier_namespace":"CZ-00025712-CUZK_CP","inspireid_identifier_versionid_nilreason":null,"inspireid_identifier_versionid_nil":false,"inspireid_identifier_versionid":null,"label":"1185/1","nationalcadastralreference":"659541-1185/1","validfrom_nilreason":"http://inspire.ec.europa.eu/codelist/VoidReasonValue/Unpopulated","validfrom_nil":false,"validfrom":null,"validto_nilreason":null,"validto_nil":false,"validto":null,"basicpropertyunit":null,"administrativeunit_owns":false,"administrativeunit_href":"http://services.cuzk.cz/wfs/inspire-au-wfs.asp?service=WFS&VERSION=2.0.0&request=GetFeature&storedQuery_id=urn:ogc:def:query:OGC-WFS::GetFeatureById&Id=AU.572659","administrativeunit_title":"Jičín","administrativeunit_nilreason":null,"zoning_owns":false,"zoning_href":"http://services.cuzk.cz/wfs/inspire-cp-wfs.asp?service=WFS&VERSION=2.0.0&request=GetFeature&storedQuery_id=urn:ogc:def:query:OGC-WFS::GetFeatureById&Id=CZ.659541","zoning_title":"Jičín","zoning_nilreason":null},"geometry":{"type":"Polygon","coordinates":[[[15.351591,50.434871],[15.351801,50.434884],[15.351819,50.43488],[15.351985,50.43489],[15.351995,50.434896],[15.352009,50.434899],[15.352245,50.434916],[15.353409,50.434993],[15.353432,50.43499],[15.353514,50.434963],[15.35392,50.434954],[15.353901,50.434961],[15.353421,50.435077],[15.352017,50.434982],[15.351807,50.43497],[15.350759,50.434893],[15.350559,50.434894],[15.350464,50.434903],[15.350391,50.434915],[15.350203,50.434955],[15.350023,50.434999],[15.349984,50.435007],[15.349869,50.435038],[15.349781,50.435062],[15.349769,50.435065],[15.349568,50.435129],[15.349494,50.435156],[15.349364,50.435205],[15.349335,50.435217],[15.349266,50.435246],[15.349087,50.435328],[15.348913,50.435407],[15.348882,50.43536],[15.348815,50.435281],[15.348829,50.435282],[15.348844,50.435282],[15.348859,50.435282],[15.348874,50.435281],[15.348888,50.435279],[15.348903,50.435276],[15.349024,50.435232],[15.349346,50.435113],[15.349459,50.435069],[15.349722,50.43498],[15.349867,50.434939],[15.34996,50.434915],[15.350124,50.434881],[15.350243,50.43486],[15.350482,50.434835],[15.350665,50.434823],[15.350834,50.434822],[15.35104,50.434832],[15.351211,50.434845],[15.351247,50.434847],[15.351591,50.434871]]]}},
{"type":"Feature","properties":{"id":"CP.98687497010","metadataproperty":null,"description_href":null,"description_title":null,"description_nilreason":null,"description":null,"descriptionreference_href":null,"descriptionreference_title":null,"descriptionreference_nilreason":null,"identifier_codespace":null,"identifier":null,"name":null,"location_location":null,"areavalue_nilreason":null,"areavalue_uom":"m2","areavalue_nil":false,"areavalue":303.0,"beginlifespanversion_nilreason":null,"beginlifespanversion":"2025-01-20T14:23:04","endlifespanversion_nilreason":"http://inspire.ec.europa.eu/codelist/VoidReasonValue/Unpopulated","endlifespanversion_nil":false,"endlifespanversion":null,"inspireid_identifier_localid":"CP.98687497010","inspireid_identifier_namespace":"CZ-00025712-CUZK_CP","inspireid_identifier_versionid_nilreason":null,"inspireid_identifier_versionid_nil":false,"inspireid_identifier_versionid":null,"label":"1185/9","nationalcadastralreference":"659541-1185/9","validfrom_nilreason":"http://inspire.ec.europa.eu/codelist/VoidReasonValue/Unpopulated","validfrom_nil":false,"validfrom":null,"validto_nilreason":null,"validto_nil":false,"validto":null,"basicpropertyunit":null,"administrativeunit_owns":false,"administrativeunit_href":"http://services.cuzk.cz/wfs/inspire-au-wfs.asp?service=WFS&VERSION=2.0.0&request=GetFeature&storedQuery_id=urn:ogc:def:query:OGC-WFS::GetFeatureById&Id=AU.572659","administrativeunit_title":"Jičín","administrativeunit_nilreason":null,"zoning_owns":false,"zoning_href":"http://services.cuzk.cz/wfs/inspire-cp-wfs.asp?service=WFS&VERSION=2.0.0&request=GetFeature&storedQuery_id=urn:ogc:def:query:OGC-WFS::GetFeatureById&Id=CZ.659541","zoning_title":"Jičín","zoning_nilreason":null},"geometry":{"type":"Polygon","coordinates":[[[15.352017,50.434982],[15.351988,50.434984],[15.351961,50.434989],[15.351945,50.435],[15.351816,50.434989],[15.351777,50.434986],[15.351467,50.434963],[15.351409,50.434959],[15.351125,50.434938],[15.351066,50.434933],[15.350749,50.43491],[15.350718,50.434917],[15.350494,50.434967],[15.350464,50.43497],[15.350466,50.434943],[15.350467,50.434924],[15.350437,50.434921],[15.350405,50.434926],[15.3502,50.43496],[15.350023,50.434999],[15.350203,50.434955],[15.350391,50.434915],[15.350464,50.434903],[15.350559,50.434894],[15.350759,50.434893],[15.351807,50.43497],[15.352017,50.434982]]]}},
{"type":"Feature","properties":{"id":"CP.2511422604","metadataproperty":null,"description_href":null,"description_title":null,"description_nilreason":null,"description":null,"descriptionreference_href":null,"descriptionreference_title":null,"descriptionreference_nilreason":null,"identifier_codespace":null,"identifier":null,"name":null,"location_location":null,"areavalue_nilreason":null,"areavalue_uom":"m2","areavalue_nil":false,"areavalue":2620.0,"beginlifespanversion_nilreason":null,"beginlifespanversion":"2022-09-29T00:31:54","endlifespanversion_nilreason":"http://inspire.ec.europa.eu/codelist/VoidReasonValue/Unpopulated","endlifespanversion_nil":false,"endlifespanversion":null,"inspireid_identifier_localid":"CP.2511422604","inspireid_identifier_namespace":"CZ-00025712-CUZK_CP","inspireid_identifier_versionid_nilreason":null,"inspireid_identifier_versionid_nil":false,"inspireid_identifier_versionid":null,"label":"1419/1","nationalcadastralreference":"659541-1419/1","validfrom_nilreason":"http://inspire.ec.europa.eu/codelist/VoidReasonValue/Unpopulated","validfrom_nil":false,"validfrom":null,"validto_nilreason":null,"validto_nil":false,"validto":null,"basicpropertyunit":null,"administrativeunit_owns":false,"administrativeunit_href":"http://services.cuzk.cz/wfs/inspire-au-wfs.asp?service=WFS&VERSION=2.0.0&request=GetFeature&storedQuery_id=urn:ogc:def:query:OGC-WFS::GetFeatureById&Id=AU.572659","administrativeunit_title":"Jičín","administrativeunit_nilreason":null,"zoning_owns":false,"zoning_href":"http://services.cuzk.cz/wfs/inspire-cp-wfs.asp?service=WFS&VERSION=2.0.0&request=GetFeature&storedQuery_id=urn:ogc:def:query:OGC-WFS::GetFeatureById&Id=CZ.659541","zoning_title":"Jičín","zoning_nilreason":null},"geometry":{"type":"Polygon","coordinates":[[[15.352257,50.434784],[15.35224,50.434891],[15.35224,50.434893],[15.352198,50.43489],[15.352196,50.434903],[15.351985,50.43489],[15.351819,50.43488],[15.351704,50.434872],[15.351591,50.434871],[15.3516,50.434818],[15.351615,50.43473],[15.351621,50.434699],[15.351734,50.434707],[15.351756,50.43459],[15.351756,50.434587],[15.351799,50.434356],[15.351805,50.434323],[15.351809,50.434301],[15.351862,50.433998],[15.351866,50.433979],[15.351869,50.433954],[15.35199,50.433953],[15.352016,50.433951],[15.352101,50.433942],[15.352125,50.433939],[15.352129,50.433984],[15.352129,50.433995],[15.352136,50.434082],[15.352081,50.434444],[15.352068,50.434527],[15.352035,50.434727],[15.352123,50.434733],[15.352137,50.434734],[15.352264,50.434742],[15.352262,50.434751],[15.35226,50.434766],[15.352257,50.434784]]]}},
{"type":"Feature","properties":{"id":"CP.2566143604","metadataproperty":null,"description_href":null,"description_title":null,"description_nilreason":null,"description":null,"descriptionreference_href":null,"descriptionreference_title":null,"descriptionreference_nilreason":null,"identifier_codespace":null,"identifier":null,"name":null,"location_location":null,"areavalue_nilreason":null,"areavalue_uom":"m2","areavalue_nil":false,"areavalue":272.0,"beginlifespanversion_nilreason":null,"beginlifespanversion":"2022-09-29T00:10:40","endlifespanversion_nilreason":"http://inspire.ec.europa.eu/codelist/VoidReasonValue/Unpopulated","endlifespanversion_nil":false,"endlifespanversion":null,"inspireid_identifier_localid":"CP.2566143604","inspireid_identifier_namespace":"CZ-00025712-CUZK_CP","inspireid_identifier_versionid_nilreason":null,"inspireid_identifier_versionid_nil":false,"inspireid_identifier_versionid":null,"label":"1185/4","nationalcadastralreference":"659541-1185/4","validfrom_nilreason":"http://inspire.ec.europa.eu/codelist/VoidReasonValue/Unpopulated","validfrom_nil":false,"validfrom":null,"validto_nilreason":null,"validto_nil":false,"validto":null,"basicpropertyunit":null,"administrativeunit_owns":false,"administrativeunit_href":"http://services.cuzk.cz/wfs/inspire-au-wfs.asp?service=WFS&VERSION=2.0.0&request=GetFeature&storedQuery_id=urn:ogc:def:query:OGC-WFS::GetFeatureById&Id=AU.572659","administrativeunit_title":"Jičín","administrativeunit_nilreason":null,"zoning_owns":false,"zoning_href":"http://services.cuzk.cz/wfs/inspire-cp-wfs.asp?service=WFS&VERSION=2.0.0&request=GetFeature&storedQuery_id=urn:ogc:def:query:OGC-WFS::GetFeatureById&Id=CZ.659541","zoning_title":"Jičín","zoning_nilreason":null},"geometry":{"type":"Polygon","coordinates":[[[15.351945,50.435],[15.351961,50.434989],[15.351988,50.434984],[15.352017,50.434982],[15.353421,50.435077],[15.353337,50.435097],[15.352001,50.435004],[15.351958,50.435001],[15.351945,50.435]]]}},
{"type":"Feature","properties":{"id":"CP.2566144604","metadataproperty":null,"description_href":null,"description_title":null,"description_nilreason":null,"description":null,"descriptionreference_href":null,"descriptionreference_title":null,"descriptionreference_nilreason":null,"identifier_codespace":null,"identifier":null,"name":null,"location_location":null,"areavalue_nilreason":null,"areavalue_uom":"m2","areavalue_nil":false,"areavalue":246.0,"beginlifespanversion_nilreason":null,"beginlifespanversion":"2022-09-29T00:10:40","endlifespanversion_nilreason":"http://inspire.ec.europa.eu/codelist/VoidReasonValue/Unpopulated","endlifespanversion_nil":false,"endlifespanversion":null,"inspireid_identifier_localid":"CP.2566144604","inspireid_identifier_namespace":"CZ-00025712-CUZK_CP","inspireid_identifier_versionid_nilreason":null,"inspireid_identifier_versionid_nil":false,"inspireid_identifier_versionid":null,"label":"1185/5","nationalcadastralreference":"659541-1185/5","validfrom_nilreason":"http://inspire.ec.europa.eu/codelist/VoidReasonValue/Unpopulated","validfrom_nil":false,"validfrom":null,"validto_nilreason":null,"validto_nil":false,"validto":null,"basicpropertyunit":null,"administrativeunit_owns":false,"administrativeunit_href":"http://services.cuzk.cz/wfs/inspire-au-wfs.asp?service=WFS&VERSION=2.0.0&request=GetFeature&storedQuery_id=urn:ogc:def:query:OGC-WFS::GetFeatureById&Id=AU.572659","administrativeunit_title":"Jičín","administrativeunit_nilreason":null,"zoning_owns":false,"zoning_href":"http://services.cuzk.cz/wfs/inspire-cp-wfs.asp?service=WFS&VERSION=2.0.0&request=GetFeature&storedQuery_id=urn:ogc:def:query:OGC-WFS::GetFeatureById&Id=CZ.659541","zoning_title":"Jičín","zoning_nilreason":null},"geometry":{"type":"Polygon","coordinates":[[[15.352196,50.434903],[15.352198,50.43489],[15.35224,50.434893],[15.352367,50.434901],[15.352418,50.434905],[15.352792,50.43493],[15.35282,50.434932],[15.353085,50.43495],[15.353137,50.434953],[15.35319,50.434957],[15.35319,50.434955],[15.353399,50.434965],[15.353514,50.434963],[15.353432,50.43499],[15.353409,50.434993],[15.352245,50.434916],[15.352009,50.434899],[15.351995,50.434896],[15.351985,50.43489],[15.352196,50.434903]]]}},
{"type":"Feature","properties":{"id":"CP.32998452010","metadataproperty":null,"description_href":null,"description_title":null,"description_nilreason":null,"description":null,"descriptionreference_href":null,"descriptionreference_title":null,"descriptionreference_nilreason":null,"identifier_codespace":null,"identifier":null,"name":null,"location_location":null,"areavalue_nilreason":null,"areavalue_uom":"m2","areavalue_nil":false,"areavalue":12.0,"beginlifespanversion_nilreason":null,"beginlifespanversion":"2022-09-28T12:43:02","endlifespanversion_nilreason":"http://inspire.ec.europa.eu/codelist/VoidReasonValue/Unpopulated","endlifespanversion_nil":false,"endlifespanversion":null,"inspireid_identifier_localid":"CP.32998452010","inspireid_identifier_namespace":"CZ-00025712-CUZK_CP","inspireid_identifier_versionid_nilreason":null,"inspireid_identifier_versionid_nil":false,"inspireid_identifier_versionid":null,"label":"774/6","nationalcadastralreference":"659541-774/6","validfrom_nilreason":"http://inspire.ec.europa.eu/codelist/VoidReasonValue/Unpopulated","validfrom_nil":false,"validfrom":null,"validto_nilreason":null,"validto_nil":false,"validto":null,"basicpropertyunit":null,"administrativeunit_owns":false,"administrativeunit_href":"http://services.cuzk.cz/wfs/inspire-au-wfs.asp?service=WFS&VERSION=2.0.0&request=GetFeature&storedQuery_id=urn:ogc:def:query:OGC-WFS::GetFeatureById&Id=AU.572659","administrativeunit_title":"Jičín","administrativeunit_nilreason":null,"zoning_owns":false,"zoning_href":"http://services.cuzk.cz/wfs/inspire-cp-wfs.asp?service=WFS&VERSION=2.0.0&request=GetFeature&storedQuery_id=urn:ogc:def:query:OGC-WFS::GetFeatureById&Id=CZ.659541","zoning_title":"Jičín","zoning_nilreason":null},"geometry":{"type":"Polygon","coordinates":[[[15.353085,50.434948],[15.353137,50.434951],[15.35319,50.434955],[15.35319,50.434957],[15.353137,50.434953],[15.353085,50.43495],[15.35282,50.434932],[15.352792,50.43493],[15.352418,50.434905],[15.352367,50.434901],[15.35224,50.434893],[15.35224,50.434891],[15.352367,50.4349],[15.352418,50.434903],[15.352641,50.434918],[15.352792,50.434928],[15.35282,50.43493],[15.353085,50.434948]]]}},
{"type":"Feature","properties":{"id":"CP.1760154604","metadataproperty":null,"description_href":null,"description_title":null,"description_nilreason":null,"description":null,"descriptionreference_href":null,"descriptionreference_title":null,"descriptionreference_nilreason":null,"identifier_codespace":null,"identifier":null,"name":null,"location_location":null,"areavalue_nilreason":null,"areavalue_uom":"m2","areavalue_nil":false,"areavalue":683.0,"beginlifespanversion_nilreason":null,"beginlifespanversion":"2022-09-29T05:02:57","endlifespanversion_nilreason":"http://inspire.ec.europa.eu/codelist/VoidReasonValue/Unpopulated","endlifespanversion_nil":false,"endlifespanversion":null,"inspireid_identifier_localid":"CP.1760154604","inspireid_identifier_namespace":"CZ-00025712-CUZK_CP","inspireid_identifier_versionid_nilreason":null,"inspireid_identifier_versionid_nil":false,"inspireid_identifier_versionid":null,"label":"774/4","nationalcadastralreference":"659541-774/4","validfrom_nilreason":"http://inspire.ec.europa.eu/codelist/VoidReasonValue/Unpopulated","validfrom_nil":false,"validfrom":null,"validto_nilreason":null,"validto_nil":false,"validto":null,"basicpropertyunit":null,"administrativeunit_owns":false,"administrativeunit_href":"http://services.cuzk.cz/wfs/inspire-au-wfs.asp?service=WFS&VERSION=2.0.0&request=GetFeature&storedQuery_id=urn:ogc:def:query:OGC-WFS::GetFeatureById&Id=AU.572659","administrativeunit_title":"Jičín","administrativeunit_nilreason":null,"zoning_owns":false,"zoning_href":"http://services.cuzk.cz/wfs/inspire-cp-wfs.asp?service=WFS&VERSION=2.0.0&request=GetFeature&storedQuery_id=urn:ogc:def:query:OGC-WFS::GetFeatureById&Id=CZ.659541","zoning_title":"Jičín","zoning_nilreason":null},"geometry":{"type":"Polygon","coordinates":[[[15.352257,50.434784],[15.35226,50.434766],[15.352262,50.434751],[15.352264,50.434742],[15.352273,50.434692],[15.352396,50.434701],[15.35238,50.434817],[15.352431,50.43482],[15.352432,50.434815],[15.352597,50.434826],[15.352599,50.434813],[15.352784,50.434825],[15.352779,50.434851],[15.352905,50.434859],[15.352899,50.434891],[15.353016,50.434898],[15.353145,50.434906],[15.353199,50.434909],[15.353198,50.434912],[15.35319,50.434955],[15.353137,50.434951],[15.353085,50.434948],[15.35282,50.43493],[15.352792,50.434928],[15.352641,50.434918],[15.352418,50.434903],[15.352367,50.4349],[15.35224,50.434891],[15.352257,50.434784]]]}},
{"type":"Feature","properties":{"id":"CP.1754393604","metadataproperty":null,"description_href":null,"description_title":null,"description_nilreason":null,"description":null,"descriptionreference_href":null,"descriptionreference_title":null,"descriptionreference_nilreason":null,"identifier_codespace":null,"identifier":null,"name":null,"location_location":null,"areavalue_nilreason":null,"areavalue_uom":"m2","areavalue_nil":false,"areavalue":3821.0,"beginlifespanversion_nilreason":null,"beginlifespanversion":"2022-09-29T05:02:57","endlifespanversion_nilreason":"http://inspire.ec.europa.eu/codelist/VoidReasonValue/Unpopulated","endlifespanversion_nil":false,"endlifespanversion":null,"inspireid_identifier_localid":"CP.1754393604","inspireid_identifier_namespace":"CZ-00025712-CUZK_CP","inspireid_identifier_versionid_nilreason":null,"inspireid_identifier_versionid_nil":false,"inspireid_identifier_versionid":null,"label":"st. 1234","nationalcadastralreference":"659541-st. 1234","validfrom_nilreason":"http://inspire.ec.europa.eu/codelist/VoidReasonValue/Unpopulated","validfrom_nil":false,"validfrom":null,"validto_nilreason":null,"validto_nil":false,"validto":null,"basicpropertyunit":null,"administrativeunit_owns":false,"administrativeunit_href":"http://services.cuzk.cz/wfs/inspire-au-wfs.asp?service=WFS&VERSION=2.0.0&request=GetFeature&storedQuery_id=urn:ogc:def:query:OGC-WFS::GetFeatureById&Id=AU.572659","administrativeunit_title":"Jičín","administrativeunit_nilreason":null,"zoning_owns":false,"zoning_href":"http://services.cuzk.cz/wfs/inspire-cp-wfs.asp?service=WFS&VERSION=2.0.0&request=GetFeature&storedQuery_id=urn:ogc:def:query:OGC-WFS::GetFeatureById&Id=CZ.659541","zoning_title":"Jičín","zoning_nilreason":null},"geometry":{"type":"Polygon","coordinates":[[[15.353199,50.434909],[15.353145,50.434906],[15.353016,50.434898],[15.352899,50.434891],[15.352905,50.434859],[15.352779,50.434851],[15.352784,50.434825],[15.352599,50.434813],[15.352597,50.434826],[15.352432,50.434815],[15.352431,50.43482],[15.35238,50.434817],[15.352396,50.434701],[15.352273,50.434692],[15.352264,50.434742],[15.352137,50.434734],[15.352123,50.434733],[15.35213,50.434691],[15.35212,50.434688],[15.352111,50.434686],[15.352102,50.434682],[15.352094,50.434678],[15.352086,50.434673],[15.35208,50.434668],[15.352074,50.434662],[15.352069,50.434656],[15.352065,50.43465],[15.352063,50.434644],[15.352061,50.434637],[15.352061,50.434631],[15.352062,50.434624],[15.352063,50.434617],[15.352066,50.434611],[15.35207,50.434605],[15.352075,50.434599],[15.352081,50.434593],[15.352088,50.434588],[15.352096,50.434584],[15.352104,50.43458],[15.352113,50.434576],[15.352122,50.434574],[15.352132,50.434571],[15.352142,50.43457],[15.352153,50.434569],[15.352163,50.434569],[15.352484,50.43459],[15.352489,50.434562],[15.352469,50.434549],[15.352443,50.434564],[15.35241,50.434576],[15.352375,50.434579],[15.352337,50.434574],[15.35231,50.434564],[15.352295,50.434555],[15.352285,50.434543],[15.352169,50.434535],[15.352068,50.434527],[15.352081,50.434444],[15.352181,50.434451],[15.352297,50.434462],[15.352314,50.43445],[15.352331,50.434443],[15.352355,50.434438],[15.352384,50.434437],[15.352417,50.434441],[15.352442,50.43445],[15.352461,50.434461],[15.352482,50.434481],[15.352504,50.434471],[15.35251,50.434435],[15.352313,50.43442],[15.352366,50.434115],[15.352371,50.434099],[15.35238,50.434084],[15.352393,50.43407],[15.35241,50.434057],[15.352429,50.434047],[15.352451,50.434039],[15.352475,50.434034],[15.3525,50.434031],[15.352517,50.434031],[15.352545,50.434032],[15.352569,50.434037],[15.352592,50.434044],[15.352613,50.434053],[15.35263,50.434065],[15.352643,50.434077],[15.352662,50.434071],[15.352677,50.434094],[15.352684,50.434115],[15.3528,50.434122],[15.352797,50.434145],[15.352737,50.434491],[15.352718,50.4346],[15.352714,50.434606],[15.353234,50.43464],[15.353199,50.434909]]]}},
{"type":"Feature","properties":{"id":"CP.1756329604","metadataproperty":null,"description_href":null,"description_title":null,"description_nilreason":null,"description":null,"descriptionreference_href":null,"descriptionreference_title":null,"descriptionreference_nilreason":null,"identifier_codespace":null,"identifier":null,"name":null,"location_location":null,"areavalue_nilreason":null,"areavalue_uom":"m2","areavalue_nil":false,"areavalue":1243.0,"beginlifespanversion_nilreason":null,"beginlifespanversion":"2022-09-29T05:02:57","endlifespanversion_nilreason":"http://inspire.ec.europa.eu/codelist/VoidReasonValue/Unpopulated","endlifespanversion_nil":false,"endlifespanversion":null,"inspireid_identifier_localid":"CP.1756329604","inspireid_identifier_namespace":"CZ-00025712-CUZK_CP","inspireid_identifier_versionid_nilreason":null,"inspireid_identifier_versionid_nil":false,"inspireid_identifier_versionid":null,"label":"st. 2334/1","nationalcadastralreference":"659541-st. 2334/1","validfrom_nilreason":"http://inspire.ec.europa.eu/codelist/VoidReasonValue/Unpopulated","validfrom_nil":false,"validfrom":null,"validto_nilreason":null,"validto_nil":false,"validto":null,"basicpropertyunit":null,"administrativeunit_owns":false,"administrativeunit_href":"http://services.cuzk.cz/wfs/inspire-au-wfs.asp?service=WFS&VERSION=2.0.0&request=GetFeature&storedQuery_id=urn:ogc:def:query:OGC-WFS::GetFeatureById&Id=AU.572659","administrativeunit_title":"Jičín","administrativeunit_nilreason":null,"zoning_owns":false,"zoning_href":"http://services.cuzk.cz/wfs/inspire-cp-wfs.asp?service=WFS&VERSION=2.0.0&request=GetFeature&storedQuery_id=urn:ogc:def:query:OGC-WFS::GetFeatureById&Id=CZ.659541","zoning_title":"Jičín","zoning_nilreason":null},"geometry":{"type":"Polygon","coordinates":[[[15.355244,50.434972],[15.355232,50.434955],[15.355227,50.434948],[15.355223,50.434943],[15.355128,50.434811],[15.355091,50.434761],[15.355096,50.43476],[15.355099,50.434764],[15.355253,50.434721],[15.355235,50.434697],[15.355312,50.434674],[15.35533,50.434697],[15.355407,50.434675],[15.355403,50.43467],[15.355407,50.434669],[15.355438,50.434711],[15.355592,50.434665],[15.355555,50.434613],[15.355667,50.43458],[15.355729,50.434562],[15.355841,50.434529],[15.355882,50.434587],[15.355972,50.434712],[15.355686,50.434796],[15.355649,50.434744],[15.355496,50.43479],[15.35555,50.434867],[15.355554,50.434872],[15.355562,50.43487],[15.355564,50.434873],[15.355244,50.434966],[15.355248,50.434971],[15.355244,50.434972]]]}},
{"type":"Feature","properties":{"id":"CP.1757870604","metadataproperty":null,"description_href":null,"description_title":null,"description_nilreason":null,"description":null,"descriptionreference_href":null,"descriptionreference_title":null,"descriptionreference_nilreason":null,"identifier_codespace":null,"identifier":null,"name":null,"location_location":null,"areavalue_nilreason":null,"areavalue_uom":"m2","areavalue_nil":false,"areavalue":155.0,"beginlifespanversion_nilreason":null,"beginlifespanversion":"2022-09-29T05:02:57","endlifespanversion_nilreason":"http://inspire.ec.europa.eu/codelist/VoidReasonValue/Unpopulated","endlifespanversion_nil":false,"endlifespanversion":null,"inspireid_identifier_localid":"CP.1757870604","inspireid_identifier_namespace":"CZ-00025712-CUZK_CP","inspireid_identifier_versionid_nilreason":null,"inspireid_identifier_versionid_nil":false,"inspireid_identifier_versionid":null,"label":"15/2","nationalcadastralreference":"659541-15/2","validfrom_nilreason":"http://inspire.ec.europa.eu/codelist/VoidReasonValue/Unpopulated","validfrom_nil":false,"validfrom":null,"validto_nilreason":null,"validto_nil":false,"validto":null,"basicpropertyunit":null,"administrativeunit_owns":false,"administrativeunit_href":"http://services.cuzk.cz/wfs/inspire-au-wfs.asp?service=WFS&VERSION=2.0.0&request=GetFeature&storedQuery_id=urn:ogc:def:query:OGC-WFS::GetFeatureById&Id=AU.572659","administrativeunit_title":"Jičín","administrativeunit_nilreason":null,"zoning_owns":false,"zoning_href":"http://services.cuzk.cz/wfs/inspire-cp-wfs.asp?service=WFS&VERSION=2.0.0&request=GetFeature&storedQuery_id=urn:ogc:def:query:OGC-WFS::GetFeatureById&Id=CZ.659541","zoning_title":"Jičín","zoning_nilreason":null},"geometry":{"type":"Polygon","coordinates":[[[15.355723,50.434983],[15.355719,50.434984],[15.355722,50.434989],[15.355681,50.435001],[15.355639,50.435013],[15.355597,50.435025],[15.355556,50.435037],[15.355552,50.435032],[15.355548,50.435033],[15.355493,50.434956],[15.355699,50.434899],[15.355732,50.434963],[15.355748,50.434995],[15.355735,50.434999],[15.355723,50.434983]]]}},
{"type":"Feature","properties":{"id":"CP.1756347604","metadataproperty":null,"description_href":null,"description_title":null,"description_nilreason":null,"description":null,"descriptionreference_href":null,"descriptionreference_title":null,"descriptionreference_nilreason":null,"identifier_codespace":null,"identifier":null,"name":null,"location_location":null,"areavalue_nilreason":null,"areavalue_uom":"m2","areavalue_nil":false,"areavalue":25.0,"beginlifespanversion_nilreason":null,"beginlifespanversion":"2022-09-29T05:02:57","endlifespanversion_nilreason":"http://inspire.ec.europa.eu/codelist/VoidReasonValue/Unpopulated","endlifespanversion_nil":false,"endlifespanversion":null,"inspireid_identifier_localid":"CP.1756347604","inspireid_identifier_namespace":"CZ-00025712-CUZK_CP","inspireid_identifier_versionid_nilreason":null,"inspireid_identifier_versionid_nil":false,"inspireid_identifier_versionid":null,"label":"st. 2348","nationalcadastralreference":"659541-st. 2348","validfrom_nilreason":"http://inspire.ec.europa.eu/codelist/VoidReasonValue/Unpopulated","validfrom_nil":false,"validfrom":null,"validto_nilreason":null,"validto_nil":false,"validto":null,"basicpropertyunit":null,"administrativeunit_owns":false,"administrativeunit_href":"http://services.cuzk.cz/wfs/inspire-au-wfs.asp?service=WFS&VERSION=2.0.0&request=GetFeature&storedQuery_id=urn:ogc:def:query:OGC-WFS::GetFeatureById&Id=AU.572659","administrativeunit_title":"Jičín","administrativeunit_nilreason":null,"zoning_owns":false,"zoning_href":"http://services.cuzk.cz/wfs/inspire-cp-wfs.asp?service=WFS&VERSION=2.0.0&request=GetFeature&storedQuery_id=urn:ogc:def:query:OGC-WFS::GetFeatureById&Id=CZ.659541","zoning_title":"Jičín","zoning_nilreason":null},"geometry":{"type":"Polygon","coordinates":[[[15.355286,50.435109],[15.355291,50.435108],[15.355295,50.435113],[15.355336,50.435101],[15.355375,50.435157],[15.355334,50.435169],[15.355336,50.435172],[15.355331,50.435173],[15.355286,50.435109]]]}},
{"type":"Feature","properties":{"id":"CP.1756344604","metadataproperty":null,"description_href":null,"description_title":null,"description_nilreason":null,"description":null,"descriptionreference_href":null,"descriptionreference_title":null,"descriptionreference_nilreason":null,"identifier_codespace":null,"identifier":null,"name":null,"location_location":null,"areavalue_nilreason":null,"areavalue_uom":"m2","areavalue_nil":false,"areavalue":23.0,"beginlifespanversion_nilreason":null,"beginlifespanversion":"2022-09-29T05:02:57","endlifespanversion_nilreason":"http://inspire.ec.europa.eu/codelist/VoidReasonValue/Unpopulated","endlifespanversion_nil":false,"endlifespanversion":null,"inspireid_identifier_localid":"CP.1756344604","inspireid_identifier_namespace":"CZ-00025712-CUZK_CP","inspireid_identifier_versionid_nilreason":null,"inspireid_identifier_versionid_nil":false,"inspireid_identifier_versionid":null,"label":"st. 2345","nationalcadastralreference":"659541-st. 2345","validfrom_nilreason":"http://inspire.ec.europa.eu/codelist/VoidReasonValue/Unpopulated","validfrom_nil":false,"validfrom":null,"validto_nilreason":null,"validto_nil":false,"validto":null,"basicpropertyunit":null,"administrativeunit_owns":false,"administrativeunit_href":"http://services.cuzk.cz/wfs/inspire-au-wfs.asp?service=WFS&VERSION=2.0.0&request=GetFeature&storedQuery_id=urn:ogc:def:query:OGC-WFS::GetFeatureById&Id=AU.572659","administrativeunit_title":"Jičín","administrativeunit_nilreason":null,"zoning_owns":false,"zoning_href":"http://services.cuzk.cz/wfs/inspire-cp-wfs.asp?service=WFS&VERSION=2.0.0&request=GetFeature&storedQuery_id=urn:ogc:def:query:OGC-WFS::GetFeatureById&Id=CZ.659541","zoning_title":"Jičín","zoning_nilreason":null},"geometry":{"type":"Polygon","coordinates":[[[15.355503,50.43512],[15.355461,50.435133],[15.355421,50.435076],[15.355463,50.435064],[15.355503,50.43512]]]}},
{"type":"Feature","properties":{"id":"CP.1760188604","metadataproperty":null,"description_href":null,"description_title":null,"description_nilreason":null,"description":null,"descriptionreference_href":null,"descriptionreference_title":null,"descriptionreference_nilreason":null,"identifier_codespace":null,"identifier":null,"name":null,"location_location":null,"areavalue_nilreason":null,"areavalue_uom":"m2","areavalue_nil":false,"areavalue":9.0,"beginlifespanversion_nilreason":null,"beginlifespanversion":"2022-09-29T05:02:57","endlifespanversion_nilreason":"http://inspire.ec.europa.eu/codelist/VoidReasonValue/Unpopulated","endlifespanversion_nil":false,"endlifespanversion":null,"inspireid_identifier_localid":"CP.1760188604","inspireid_identifier_namespace":"CZ-00025712-CUZK_CP","inspireid_identifier_versionid_nilreason":null,"inspireid_identifier_versionid_nil":false,"inspireid_identifier_versionid":null,"label":"783/11","nationalcadastralreference":"659541-783/11","validfrom_nilreason":"http://inspire.ec.europa.eu/codelist/VoidReasonValue/Unpopulated","validfrom_nil":false,"validfrom":null,"validto_nilreason":null,"validto_nil":false,"validto":null,"basicpropertyunit":null,"administrativeunit_owns":false,"administrativeunit_href":"http://services.cuzk.cz/wfs/inspire-au-wfs.asp?service=WFS&VERSION=2.0.0&request=GetFeature&storedQuery_id=urn:ogc:def:query:OGC-WFS::GetFeatureById&Id=AU.572659","administrativeunit_title":"Jičín","administrativeunit_nilreason":null,"zoning_owns":false,"zoning_href":"http://services.cuzk.cz/wfs/inspire-cp-wfs.asp?service=WFS&VERSION=2.0.0&request=GetFeature&storedQuery_id=urn:ogc:def:query:OGC-WFS::GetFeatureById&Id=CZ.659541","zoning_title":"Jičín","zoning_nilreason":null},"geometry":{"type":"Polygon","coordinates":[[[15.355154,50.435368],[15.355175,50.435423],[15.355186,50.435453],[15.355175,50.435455],[15.355175,50.435454],[15.355163,50.435424],[15.355141,50.435371],[15.355154,50.435368]]]}},
{"type":"Feature","properties":{"id":"CP.1760190604","metadataproperty":null,"description_href":null,"description_title":null,"description_nilreason":null,"description":null,"descriptionreference_href":null,"descriptionreference_title":null,"descriptionreference_nilreason":null,"identifier_codespace":null,"identifier":null,"name":null,"location_location":null,"areavalue_nilreason":null,"areavalue_uom":"m2","areavalue_nil":false,"areavalue":602.0,"beginlifespanversion_nilreason":null,"beginlifespanversion":"2022-09-29T05:02:57","endlifespanversion_nilreason":"http://inspire.ec.europa.eu/codelist/VoidReasonValue/Unpopulated","endlifespanversion_nil":false,"endlifespanversion":null,"inspireid_identifier_localid":"CP.1760190604","inspireid_identifier_namespace":"CZ-00025712-CUZK_CP","inspireid_identifier_versionid_nilreason":null,"inspireid_identifier_versionid_nil":false,"inspireid_identifier_versionid":null,"label":"784/1","nationalcadastralreference":"659541-784/1","validfrom_nilreason":"http://inspire.ec.europa.eu/codelist/VoidReasonValue/Unpopulated","validfrom_nil":false,"validfrom":null,"validto_nilreason":null,"validto_nil":false,"validto":null,"basicpropertyunit":null,"administrativeunit_owns":false,"administrativeunit_href":"http://services.cuzk.cz/wfs/inspire-au-wfs.asp?service=WFS&VERSION=2.0.0&request=GetFeature&storedQuery_id=urn:ogc:def:query:OGC-WFS::GetFeatureById&Id=AU.572659","administrativeunit_title":"Jičín","administrativeunit_nilreason":null,"zoning_owns":false,"zoning_href":"http://services.cuzk.cz/wfs/inspire-cp-wfs.asp?service=WFS&VERSION=2.0.0&request=GetFeature&storedQuery_id=urn:ogc:def:query:OGC-WFS::GetFeatureById&Id=CZ.659541","zoning_title":"Jičín","zoning_nilreason":null},"geometry":{"type":"Polygon","coordinates":[[[15.355525,50.435581],[15.35555,50.435649],[15.35549,50.435658],[15.355432,50.435667],[15.355427,50.435654],[15.355268,50.435681],[15.355246,50.435615],[15.355235,50.435583],[15.355186,50.435453],[15.355175,50.435423],[15.355457,50.435384],[15.355525,50.435581]]]}},
{"type":"Feature","properties":{"id":"CP.1757216604","metadataproperty":null,"description_href":null,"description_title":null,"description_nilreason":null,"description":null,"descriptionreference_href":null,"descriptionreference_title":null,"descriptionreference_nilreason":null,"identifier_codespace":null,"identifier":null,"name":null,"location_location":null,"areavalue_nilreason":null,"areavalue_uom":"m2","areavalue_nil":false,"areavalue":1271.0,"beginlifespanversion_nilreason":null,"beginlifespanversion":"2022-09-29T05:02:57","endlifespanversion_nilreason":"http://inspire.ec.europa.eu/codelist/VoidReasonValue/Unpopulated","endlifespanversion_nil":false,"endlifespanversion":null,"inspireid_identifier_localid":"CP.1757216604","inspireid_identifier_namespace":"CZ-00025712-CUZK_CP","inspireid_identifier_versionid_nilreason":null,"inspireid_identifier_versionid_nil":false,"inspireid_identifier_versionid":null,"label":"st. 3051","nationalcadastralreference":"659541-st. 3051","validfrom_nilreason":"http://inspire.ec.europa.eu/codelist/VoidReasonValue/Unpopulated","validfrom_nil":false,"validfrom":null,"validto_nilreason":null,"validto_nil":false,"validto":null,"basicpropertyunit":null,"administrativeunit_owns":false,"administrativeunit_href":"http://services.cuzk.cz/wfs/inspire-au-wfs.asp?service=WFS&VERSION=2.0.0&request=GetFeature&storedQuery_id=urn:ogc:def:query:OGC-WFS::GetFeatureById&Id=AU.572659","administrativeunit_title":"Jičín","administrativeunit_nilreason":null,"zoning_owns":false,"zoning_href":"http://services.cuzk.cz/wfs/inspire-cp-wfs.asp?service=WFS&VERSION=2.0.0&request=GetFeature&storedQuery_id=urn:ogc:def:query:OGC-WFS::GetFeatureById&Id=CZ.659541","zoning_title":"Jičín","zoning_nilreason":null},"geometry":{"type":"Polygon","coordinates":[[[15.355435,50.435321],[15.355691,50.435285],[15.355688,50.435276],[15.355766,50.435265],[15.355769,50.435274],[15.356024,50.435238],[15.356113,50.435498],[15.355525,50.435581],[15.355457,50.435384],[15.355435,50.435321]]]}},
{"type":"Feature","properties":{"id":"CP.1760191604","metadataproperty":null,"description_href":null,"description_title":null,"description_nilreason":null,"description":null,"descriptionreference_href":null,"descriptionreference_title":null,"descriptionreference_nilreason":null,"identifier_codespace":null,"identifier":null,"name":null,"location_location":null,"areavalue_nilreason":null,"areavalue_uom":"m2","areavalue_nil":false,"areavalue":195.0,"beginlifespanversion_nilreason":null,"beginlifespanversion":"2022-09-29T05:02:57","endlifespanversion_nilreason":"http://inspire.ec.europa.eu/codelist/VoidReasonValue/Unpopulated","endlifespanversion_nil":false,"endlifespanversion":null,"inspireid_identifier_localid":"CP.1760191604","inspireid_identifier_namespace":"CZ-00025712-CUZK_CP","inspireid_identifier_versionid_nilreason":null,"inspireid_identifier_versionid_nil":false,"inspireid_identifier_versionid":null,"label":"784/2","nationalcadastralreference":"659541-784/2","validfrom_nilreason":"http://inspire.ec.europa.eu/codelist/VoidReasonValue/Unpopulated","validfrom_nil":false,"validfrom":null,"validto_nilreason":null,"validto_nil":false,"validto":null,"basicpropertyunit":null,"administrativeunit_owns":false,"administrativeunit_href":"http://services.cuzk.cz/wfs/inspire-au-wfs.asp?service=WFS&VERSION=2.0.0&request=GetFeature&storedQuery_id=urn:ogc:def:query:OGC-WFS::GetFeatureById&Id=AU.572659","administrativeunit_title":"Jičín","administrativeunit_nilreason":null,"zoning_owns":false,"zoning_href":"http://services.cuzk.cz/wfs/inspire-cp-wfs.asp?service=WFS&VERSION=2.0.0&request=GetFeature&storedQuery_id=urn:ogc:def:query:OGC-WFS::GetFeatureById&Id=CZ.659541","zoning_title":"Jičín","zoning_nilreason":null},"geometry":{"type":"Polygon","coordinates":[[[15.355698,50.435858],[15.355894,50.43583],[15.355913,50.435874],[15.355678,50.435905],[15.355619,50.435889],[15.355572,50.435862],[15.35549,50.435658],[15.35555,50.435649],[15.355598,50.435783],[15.355627,50.435868],[15.35568,50.435861],[15.35568,50.435863],[15.355699,50.435861],[15.355698,50.435858]]]}},
{"type":"Feature","properties":{"id":"CP.1753729604","metadataproperty":null,"description_href":null,"description_title":null,"description_nilreason":null,"description":null,"descriptionreference_href":null,"descriptionreference_title":null,"descriptionreference_nilreason":null,"identifier_codespace":null,"identifier":null,"name":null,"location_location":null,"areavalue_nilreason":null,"areavalue_uom":"m2","areavalue_nil":false,"areavalue":235.0,"beginlifespanversion_nilreason":null,"beginlifespanversion":"2022-09-29T05:02:57","endlifespanversion_nilreason":"http://inspire.ec.europa.eu/codelist/VoidReasonValue/Unpopulated","endlifespanversion_nil":false,"endlifespanversion":null,"inspireid_identifier_localid":"CP.1753729604","inspireid_identifier_namespace":"CZ-00025712-CUZK_CP","inspireid_identifier_versionid_nilreason":null,"inspireid_identifier_versionid_nil":false,"inspireid_identifier_versionid":null,"label":"st. 560/3","nationalcadastralreference":"659541-st. 560/3","validfrom_nilreason":"http://inspire.ec.europa.eu/codelist/VoidReasonValue/Unpopulated","validfrom_nil":false,"validfrom":null,"validto_nilreason":null,"validto_nil":false,"validto":null,"basicpropertyunit":null,"administrativeunit_owns":false,"administrativeunit_href":"http://services.cuzk.cz/wfs/inspire-au-wfs.asp?service=WFS&VERSION=2.0.0&request=GetFeature&storedQuery_id=urn:ogc:def:query:OGC-WFS::GetFeatureById&Id=AU.572659","administrativeunit_title":"Jičín","administrativeunit_nilreason":null,"zoning_owns":false,"zoning_href":"http://services.cuzk.cz/wfs/inspire-cp-wfs.asp?service=WFS&VERSION=2.0.0&request=GetFeature&storedQuery_id=urn:ogc:def:query:OGC-WFS::GetFeatureById&Id=CZ.659541","zoning_title":"Jičín","zoning_nilreason":null},"geometry":{"type":"Polygon","coordinates":[[[15.355358,50.435899],[15.355337,50.435848],[15.355286,50.435724],[15.355445,50.435699],[15.355496,50.435822],[15.355518,50.435873],[15.355481,50.435879],[15.355358,50.435899]]]}},
{"type":"Feature","properties":{"id":"CP.1757882604","metadataproperty":null,"description_href":null,"description_title":null,"description_nilreason":null,"description":null,"descriptionreference_href":null,"descriptionreference_title":null,"descriptionreference_nilreason":null,"identifier_codespace":null,"identifier":null,"name":null,"location_location":null,"areavalue_nilreason":null,"areavalue_uom":"m2","areavalue_nil":false,"areavalue":695.0,"beginlifespanversion_nilreason":null,"beginlifespanversion":"2022-09-29T05:02:57","endlifespanversion_nilreason":"http://inspire.ec.europa.eu/codelist/VoidReasonValue/Unpopulated","endlifespanversion_nil":false,"endlifespanversion":null,"inspireid_identifier_localid":"CP.1757882604","inspireid_identifier_namespace":"CZ-00025712-CUZK_CP","inspireid_identifier_versionid_nilreason":null,"inspireid_identifier_versionid_nil":false,"inspireid_identifier_versionid":null,"label":"38","nationalcadastralreference":"659541-38","validfrom_nilreason":"http://inspire.ec.europa.eu/codelist/VoidReasonValue/Unpopulated","validfrom_nil":false,"validfrom":null,"validto_nilreason":null,"validto_nil":false,"validto":null,"basicpropertyunit":null,"administrativeunit_owns":false,"administrativeunit_href":"http://services.cuzk.cz/wfs/inspire-au-wfs.asp?service=WFS&VERSION=2.0.0&request=GetFeature&storedQuery_id=urn:ogc:def:query:OGC-WFS::GetFeatureById&Id=AU.572659","administrativeunit_title":"Jičín","administrativeunit_nilreason":null,"zoning_owns":false,"zoning_href":"http://services.cuzk.cz/wfs/inspire-cp-wfs.asp?service=WFS&VERSION=2.0.0&request=GetFeature&storedQuery_id=urn:ogc:def:query:OGC-WFS::GetFeatureById&Id=CZ.659541","zoning_title":"Jičín","zoning_nilreason":null},"geometry":{"type":"Polygon","coordinates":[[[15.355687,50.436096],[15.355633,50.436101],[15.355607,50.436103],[15.355579,50.435984],[15.35557,50.435948],[15.35557,50.435945],[15.355518,50.435873],[15.355496,50.435822],[15.355445,50.435699],[15.355432,50.435667],[15.35549,50.435658],[15.355572,50.435862],[15.355619,50.435889],[15.355678,50.435905],[15.355913,50.435874],[15.35594,50.435936],[15.355952,50.435965],[15.355968,50.436033],[15.355976,50.436068],[15.355961,50.436069],[15.355908,50.436074],[15.355874,50.436078],[15.355687,50.436096]]]}},
{"type":"Feature","properties":{"id":"CP.1760193604","metadataproperty":null,"description_href":null,"description_title":null,"description_nilreason":null,"description":null,"descriptionreference_href":null,"descriptionreference_title":null,"descriptionreference_nilreason":null,"identifier_codespace":null,"identifier":null,"name":null,"location_location":null,"areavalue_nilreason":null,"areavalue_uom":"m2","areavalue_nil":false,"areavalue":984.0,"beginlifespanversion_nilreason":null,"beginlifespanversion":"2022-09-29T05:02:57","endlifespanversion_nilreason":"http://inspire.ec.europa.eu/codelist/VoidReasonValue/Unpopulated","endlifespanversion_nil":false,"endlifespanversion":null,"inspireid_identifier_localid":"CP.1760193604","inspireid_identifier_namespace":"CZ-00025712-CUZK_CP","inspireid_identifier_versionid_nilreason":null,"inspireid_identifier_versionid_nil":false,"inspireid_identifier_versionid":null,"label":"784/5","nationalcadastralreference":"659541-784/5","validfrom_nilreason":"http://inspire.ec.europa.eu/codelist/VoidReasonValue/Unpopulated","validfrom_nil":false,"validfrom":null,"validto_nilreason":null,"validto_nil":false,"validto":null,"basicpropertyunit":null,"administrativeunit_owns":false,"administrativeunit_href":"http://services.cuzk.cz/wfs/inspire-au-wfs.asp?service=WFS&VERSION=2.0.0&request=GetFeature&storedQuery_id=urn:ogc:def:query:OGC-WFS::GetFeatureById&Id=AU.572659","administrativeunit_title":"Jičín","administrativeunit_nilreason":null,"zoning_owns":false,"zoning_href":"http://services.cuzk.cz/wfs/inspire-cp-wfs.asp?service=WFS&VERSION=2.0.0&request=GetFeature&storedQuery_id=urn:ogc:def:query:OGC-WFS::GetFeatureById&Id=CZ.659541","zoning_title":"Jičín","zoning_nilreason":null},"geometry":{"type":"Polygon","coordinates":[[[15.355525,50.435581],[15.356113,50.435498],[15.356182,50.4357],[15.355598,50.435783],[15.35555,50.435649],[15.355525,50.435581]]]}},
{"type":"Feature","properties":{"id":"CP.1753728604","metadataproperty":null,"description_href":null,"description_title":null,"description_nilreason":null,"description":null,"descriptionreference_href":null,"descriptionreference_title":null,"descriptionreference_nilreason":null,"identifier_codespace":null,"identifier":null,"name":null,"location_location":null,"areavalue_nilreason":null,"areavalue_uom":"m2","areavalue_nil":false,"areavalue":549.0,"beginlifespanversion_nilreason":null,"beginlifespanversion":"2022-09-29T05:02:57","endlifespanversion_nilreason":"http://inspire.ec.europa.eu/codelist/VoidReasonValue/Unpopulated","endlifespanversion_nil":false,"endlifespanversion":null,"inspireid_identifier_localid":"CP.1753728604","inspireid_identifier_namespace":"CZ-00025712-CUZK_CP","inspireid_identifier_versionid_nilreason":null,"inspireid_identifier_versionid_nil":false,"inspireid_identifier_versionid":null,"label":"st. 560/2","nationalcadastralreference":"659541-st. 560/2","validfrom_nilreason":"http://inspire.ec.europa.eu/codelist/VoidReasonValue/Unpopulated","validfrom_nil":false,"validfrom":null,"validto_nilreason":null,"validto_nil":false,"validto":null,"basicpropertyunit":null,"administrativeunit_owns":false,"administrativeunit_href":"http://services.cuzk.cz/wfs/inspire-au-wfs.asp?service=WFS&VERSION=2.0.0&request=GetFeature&storedQuery_id=urn:ogc:def:query:OGC-WFS::GetFeatureById&Id=AU.572659","administrativeunit_title":"Jičín","administrativeunit_nilreason":null,"zoning_owns":false,"zoning_href":"http://services.cuzk.cz/wfs/inspire-cp-wfs.asp?service=WFS&VERSION=2.0.0&request=GetFeature&storedQuery_id=urn:ogc:def:query:OGC-WFS::GetFeatureById&Id=CZ.659541","zoning_title":"Jičín","zoning_nilreason":null},"geometry":{"type":"Polygon","coordinates":[[[15.355286,50.435724],[15.355337,50.435848],[15.355358,50.435899],[15.355259,50.435916],[15.355142,50.435935],[15.355066,50.435946],[15.355054,50.435915],[15.355051,50.435906],[15.355047,50.435895],[15.355039,50.435876],[15.355049,50.435873],[15.35505,50.435871],[15.355051,50.435868],[15.35505,50.435866],[15.355049,50.435863],[15.355051,50.435862],[15.355053,50.435861],[15.355054,50.435859],[15.355054,50.435857],[15.355054,50.435855],[15.355016,50.435798],[15.355004,50.435789],[15.354991,50.435782],[15.354977,50.435777],[15.354964,50.435775],[15.354947,50.435776],[15.354931,50.435778],[15.355268,50.435681],[15.355427,50.435654],[15.355432,50.435667],[15.355445,50.435699],[15.355286,50.435724]]]}},
{"type":"Feature","properties":{"id":"CP.1760185604","metadataproperty":null,"description_href":null,"description_title":null,"description_nilreason":null,"description":null,"descriptionreference_href":null,"descriptionreference_title":null,"descriptionreference_nilreason":null,"identifier_codespace":null,"identifier":null,"name":null,"location_location":null,"areavalue_nilreason":null,"areavalue_uom":"m2","areavalue_nil":false,"areavalue":2961.0,"beginlifespanversion_nilreason":null,"beginlifespanversion":"2022-09-29T05:02:57","endlifespanversion_nilreason":"http://inspire.ec.europa.eu/codelist/VoidReasonValue/Unpopulated","endlifespanversion_nil":false,"endlifespanversion":null,"inspireid_identifier_localid":"CP.1760185604","inspireid_identifier_namespace":"CZ-00025712-CUZK_CP","inspireid_identifier_versionid_nilreason":null,"inspireid_identifier_versionid_nil":false,"inspireid_identifier_versionid":null,"label":"783/6","nationalcadastralreference":"659541-783/6","validfrom_nilreason":"http://inspire.ec.europa.eu/codelist/VoidReasonValue/Unpopulated","validfrom_nil":false,"validfrom":null,"validto_nilreason":null,"validto_nil":false,"validto":null,"basicpropertyunit":null,"administrativeunit_owns":false,"administrativeunit_href":"http://services.cuzk.cz/wfs/inspire-au-wfs.asp?service=WFS&VERSION=2.0.0&request=GetFeature&storedQuery_id=urn:ogc:def:query:OGC-WFS::GetFeatureById&Id=AU.572659","administrativeunit_title":"Jičín","administrativeunit_nilreason":null,"zoning_owns":false,"zoning_href":"http://services.cuzk.cz/wfs/inspire-cp-wfs.asp?service=WFS&VERSION=2.0.0&request=GetFeature&storedQuery_id=urn:ogc:def:query:OGC-WFS::GetFeatureById&Id=CZ.659541","zoning_title":"Jičín","zoning_nilreason":null},"geometry":{"type":"Polygon","coordinates":[[[15.355114,50.435261],[15.355278,50.435221],[15.355291,50.435251],[15.355813,50.435121],[15.355788,50.435073],[15.356267,50.434934],[15.356283,50.434975],[15.356354,50.435147],[15.356343,50.435307],[15.35633,50.435464],[15.356325,50.435552],[15.356308,50.435829],[15.356137,50.435881],[15.35594,50.435936],[15.355913,50.435874],[15.355894,50.43583],[15.355962,50.435821],[15.355971,50.435844],[15.355968,50.435847],[15.355971,50.435854],[15.35598,50.435858],[15.355992,50.435856],[15.355999,50.435849],[15.355996,50.435842],[15.355991,50.43584],[15.355983,50.435818],[15.356212,50.435785],[15.356182,50.4357],[15.356113,50.435498],[15.356024,50.435238],[15.355769,50.435274],[15.355766,50.435265],[15.355688,50.435276],[15.355691,50.435285],[15.355435,50.435321],[15.355457,50.435384],[15.355175,50.435423],[15.355154,50.435368],[15.355125,50.43529],[15.355114,50.435261]]]}},
{"type":"Feature","properties":{"id":"CP.1762431604","metadataproperty":null,"description_href":null,"description_title":null,"description_nilreason":null,"description":null,"descriptionreference_href":null,"descriptionreference_title":null,"descriptionreference_nilreason":null,"identifier_codespace":null,"identifier":null,"name":null,"location_location":null,"areavalue_nilreason":null,"areavalue_uom":"m2","areavalue_nil":false,"areavalue":38.0,"beginlifespanversion_nilreason":null,"beginlifespanversion":"2022-09-29T05:02:57","endlifespanversion_nilreason":"http://inspire.ec.europa.eu/codelist/VoidReasonValue/Unpopulated","endlifespanversion_nil":false,"endlifespanversion":null,"inspireid_identifier_localid":"CP.1762431604","inspireid_identifier_namespace":"CZ-00025712-CUZK_CP","inspireid_identifier_versionid_nilreason":null,"inspireid_identifier_versionid_nil":false,"inspireid_identifier_versionid":null,"label":"1968/2","nationalcadastralreference":"659541-1968/2","validfrom_nilreason":"http://inspire.ec.europa.eu/codelist/VoidReasonValue/Unpopulated","validfrom_nil":false,"validfrom":null,"validto_nilreason":null,"validto_nil":false,"validto":null,"basicpropertyunit":null,"administrativeunit_owns":false,"administrativeunit_href":"http://services.cuzk.cz/wfs/inspire-au-wfs.asp?service=WFS&VERSION=2.0.0&request=GetFeature&storedQuery_id=urn:ogc:def:query:OGC-WFS::GetFeatureById&Id=AU.572659","administrativeunit_title":"Jičín","administrativeunit_nilreason":null,"zoning_owns":false,"zoning_href":"http://services.cuzk.cz/wfs/inspire-cp-wfs.asp?service=WFS&VERSION=2.0.0&request=GetFeature&storedQuery_id=urn:ogc:def:query:OGC-WFS::GetFeatureById&Id=CZ.659541","zoning_title":"Jičín","zoning_nilreason":null},"geometry":{"type":"Polygon","coordinates":[[[15.355268,50.435681],[15.355186,50.435694],[15.355166,50.435649],[15.355243,50.435616],[15.355268,50.435681]]]}},
{"type":"Feature","properties":{"id":"CP.1760200604","metadataproperty":null,"description_href":null,"description_title":null,"description_nilreason":null,"description":null,"descriptionreference_href":null,"descriptionreference_title":null,"descriptionreference_nilreason":null,"identifier_codespace":null,"identifier":null,"name":null,"location_location":null,"areavalue_nilreason":null,"areavalue_uom":"m2","areavalue_nil":false,"areavalue":1.0,"beginlifespanversion_nilreason":null,"beginlifespanversion":"2022-09-29T05:02:57","endlifespanversion_nilreason":"http://inspire.ec.europa.eu/codelist/VoidReasonValue/Unpopulated","endlifespanversion_nil":false,"endlifespanversion":null,"inspireid_identifier_localid":"CP.1760200604","inspireid_identifier_namespace":"CZ-00025712-CUZK_CP","inspireid_identifier_versionid_nilreason":null,"inspireid_identifier_versionid_nil":false,"inspireid_identifier_versionid":null,"label":"784/15","nationalcadastralreference":"659541-784/15","validfrom_nilreason":"http://inspire.ec.europa.eu/codelist/VoidReasonValue/Unpopulated","validfrom_nil":false,"validfrom":null,"validto_nilreason":null,"validto_nil":false,"validto":null,"basicpropertyunit":null,"administrativeunit_owns":false,"administrativeunit_href":"http://services.cuzk.cz/wfs/inspire-au-wfs.asp?service=WFS&VERSION=2.0.0&request=GetFeature&storedQuery_id=urn:ogc:def:query:OGC-WFS::GetFeatureById&Id=AU.572659","administrativeunit_title":"Jičín","administrativeunit_nilreason":null,"zoning_owns":false,"zoning_href":"http://services.cuzk.cz/wfs/inspire-cp-wfs.asp?service=WFS&VERSION=2.0.0&request=GetFeature&storedQuery_id=urn:ogc:def:query:OGC-WFS::GetFeatureById&Id=CZ.659541","zoning_title":"Jičín","zoning_nilreason":null},"geometry":{"type":"Polygon","coordinates":[[[15.355243,50.435616],[15.355231,50.435584],[15.355235,50.435583],[15.355246,50.435615],[15.355243,50.435616]]]}},
{"type":"Feature","properties":{"id":"CP.1760197604","metadataproperty":null,"description_href":null,"description_title":null,"description_nilreason":null,"description":null,"descriptionreference_href":null,"descriptionreference_title":null,"descriptionreference_nilreason":null,"identifier_codespace":null,"identifier":null,"name":null,"location_location":null,"areavalue_nilreason":null,"areavalue_uom":"m2","areavalue_nil":false,"areavalue":211.0,"beginlifespanversion_nilreason":null,"beginlifespanversion":"2022-09-29T05:02:57","endlifespanversion_nilreason":"http://inspire.ec.europa.eu/codelist/VoidReasonValue/Unpopulated","endlifespanversion_nil":false,"endlifespanversion":null,"inspireid_identifier_localid":"CP.1760197604","inspireid_identifier_namespace":"CZ-00025712-CUZK_CP","inspireid_identifier_versionid_nilreason":null,"inspireid_identifier_versionid_nil":false,"inspireid_identifier_versionid":null,"label":"784/10","nationalcadastralreference":"659541-784/10","validfrom_nilreason":"http://inspire.ec.europa.eu/codelist/VoidReasonValue/Unpopulated","validfrom_nil":false,"validfrom":null,"validto_nilreason":null,"validto_nil":false,"validto":null,"basicpropertyunit":null,"administrativeunit_owns":false,"administrativeunit_href":"http://services.cuzk.cz/wfs/inspire-au-wfs.asp?service=WFS&VERSION=2.0.0&request=GetFeature&storedQuery_id=urn:ogc:def:query:OGC-WFS::GetFeatureById&Id=AU.572659","administrativeunit_title":"Jičín","administrativeunit_nilreason":null,"zoning_owns":false,"zoning_href":"http://services.cuzk.cz/wfs/inspire-cp-wfs.asp?service=WFS&VERSION=2.0.0&request=GetFeature&storedQuery_id=urn:ogc:def:query:OGC-WFS::GetFeatureById&Id=CZ.659541","zoning_title":"Jičín","zoning_nilreason":null},"geometry":{"type":"Polygon","coordinates":[[[15.354982,50.435625],[15.354939,50.435633],[15.35492,50.435609],[15.354874,50.435526],[15.355086,50.435476],[15.355144,50.435598],[15.354982,50.435625]]]}},
{"type":"Feature","properties":{"id":"CP.1760180604","metadataproperty":null,"description_href":null,"description_title":null,"description_nilreason":null,"description":null,"descriptionreference_href":null,"descriptionreference_title":null,"descriptionreference_nilreason":null,"identifier_codespace":null,"identifier":null,"name":null,"location_location":null,"areavalue_nilreason":null,"areavalue_uom":"m2","areavalue_nil":false,"areavalue":778.0,"beginlifespanversion_nilreason":null,"beginlifespanversion":"2022-09-29T05:02:57","endlifespanversion_nilreason":"http://inspire.ec.europa.eu/codelist/VoidReasonValue/Unpopulated","endlifespanversion_nil":false,"endlifespanversion":null,"inspireid_identifier_localid":"CP.1760180604","inspireid_identifier_namespace":"CZ-00025712-CUZK_CP","inspireid_identifier_versionid_nilreason":null,"inspireid_identifier_versionid_nil":false,"inspireid_identifier_versionid":null,"label":"782/13","nationalcadastralreference":"659541-782/13","validfrom_nilreason":"http://inspire.ec.europa.eu/codelist/VoidReasonValue/Unpopulated","validfrom_nil":false,"validfrom":null,"validto_nilreason":null,"validto_nil":false,"validto":null,"basicpropertyunit":null,"administrativeunit_owns":false,"administrativeunit_href":"http://services.cuzk.cz/wfs/inspire-au-wfs.asp?service=WFS&VERSION=2.0.0&request=GetFeature&storedQuery_id=urn:ogc:def:query:OGC-WFS::GetFeatureById&Id=AU.572659","administrativeunit_title":"Jičín","administrativeunit_nilreason":null,"zoning_owns":false,"zoning_href":"http://services.cuzk.cz/wfs/inspire-cp-wfs.asp?service=WFS&VERSION=2.0.0&request=GetFeature&storedQuery_id=urn:ogc:def:query:OGC-WFS::GetFeatureById&Id=CZ.659541","zoning_title":"Jičín","zoning_nilreason":null},"geometry":{"type":"Polygon","coordinates":[[[15.355732,50.434963],[15.355699,50.434899],[15.355493,50.434956],[15.355198,50.435038],[15.35518,50.435009],[15.355157,50.434976],[15.355169,50.434973],[15.355173,50.434972],[15.355232,50.434955],[15.355244,50.434972],[15.355248,50.434971],[15.355244,50.434966],[15.355564,50.434873],[15.355562,50.43487],[15.355554,50.434872],[15.35555,50.434867],[15.355879,50.434774],[15.355922,50.434762],[15.356045,50.43473],[15.356106,50.434713],[15.356182,50.434837],[15.356162,50.434843],[15.355732,50.434963]]]}},
{"type":"Feature","properties":{"id":"CP.1756341604","metadataproperty":null,"description_href":null,"description_title":null,"description_nilreason":null,"description":null,"descriptionreference_href":null,"descriptionreference_title":null,"descriptionreference_nilreason":null,"identifier_codespace":null,"identifier":null,"name":null,"location_location":null,"areavalue_nilreason":null,"areavalue_uom":"m2","areavalue_nil":false,"areavalue":25.0,"beginlifespanversion_nilreason":null,"beginlifespanversion":"2022-09-29T05:02:57","endlifespanversion_nilreason":"http://inspire.ec.europa.eu/codelist/VoidReasonValue/Unpopulated","endlifespanversion_nil":false,"endlifespanversion":null,"inspireid_identifier_localid":"CP.1756341604","inspireid_identifier_namespace":"CZ-00025712-CUZK_CP","inspireid_identifier_versionid_nilreason":null,"inspireid_identifier_versionid_nil":false,"inspireid_identifier_versionid":null,"label":"st. 2342","nationalcadastralreference":"659541-st. 2342","validfrom_nilreason":"http://inspire.ec.europa.eu/codelist/VoidReasonValue/Unpopulated","validfrom_nil":false,"validfrom":null,"validto_nilreason":null,"validto_nil":false,"validto":null,"basicpropertyunit":null,"administrativeunit_owns":false,"administrativeunit_href":"http://services.cuzk.cz/wfs/inspire-au-wfs.asp?service=WFS&VERSION=2.0.0&request=GetFeature&storedQuery_id=urn:ogc:def:query:OGC-WFS::GetFeatureById&Id=AU.572659","administrativeunit_title":"Jičín","administrativeunit_nilreason":null,"zoning_owns":false,"zoning_href":"http://services.cuzk.cz/wfs/inspire-cp-wfs.asp?service=WFS&VERSION=2.0.0&request=GetFeature&storedQuery_id=urn:ogc:def:query:OGC-WFS::GetFeatureById&Id=CZ.659541","zoning_title":"Jičín","zoning_nilreason":null},"geometry":{"type":"Polygon","coordinates":[[[15.355548,50.435033],[15.355552,50.435032],[15.355556,50.435037],[15.355597,50.435025],[15.355636,50.435082],[15.355595,50.435094],[15.355597,50.435096],[15.355593,50.435097],[15.355548,50.435033]]]}},
{"type":"Feature","properties":{"id":"CP.1756345604","metadataproperty":null,"description_href":null,"description_title":null,"description_nilreason":null,"description":null,"descriptionreference_href":null,"descriptionreference_title":null,"descriptionreference_nilreason":null,"identifier_codespace":null,"identifier":null,"name":null,"location_location":null,"areavalue_nilreason":null,"areavalue_uom":"m2","areavalue_nil":false,"areavalue":23.0,"beginlifespanversion_nilreason":null,"beginlifespanversion":"2022-09-29T05:02:57","endlifespanversion_nilreason":"http://inspire.ec.europa.eu/codelist/VoidReasonValue/Unpopulated","endlifespanversion_nil":false,"endlifespanversion":null,"inspireid_identifier_localid":"CP.1756345604","inspireid_identifier_namespace":"CZ-00025712-CUZK_CP","inspireid_identifier_versionid_nilreason":null,"inspireid_identifier_versionid_nil":false,"inspireid_identifier_versionid":null,"label":"st. 2346","nationalcadastralreference":"659541-st. 2346","validfrom_nilreason":"http://inspire.ec.europa.eu/codelist/VoidReasonValue/Unpopulated","validfrom_nil":false,"validfrom":null,"validto_nilreason":null,"validto_nil":false,"validto":null,"basicpropertyunit":null,"administrativeunit_owns":false,"administrativeunit_href":"http://services.cuzk.cz/wfs/inspire-au-wfs.asp?service=WFS&VERSION=2.0.0&request=GetFeature&storedQuery_id=urn:ogc:def:query:OGC-WFS::GetFeatureById&Id=AU.572659","administrativeunit_title":"Jičín","administrativeunit_nilreason":null,"zoning_owns":false,"zoning_href":"http://services.cuzk.cz/wfs/inspire-cp-wfs.asp?service=WFS&VERSION=2.0.0&request=GetFeature&storedQuery_id=urn:ogc:def:query:OGC-WFS::GetFeatureById&Id=CZ.659541","zoning_title":"Jičín","zoning_nilreason":null},"geometry":{"type":"Polygon","coordinates":[[[15.355461,50.435133],[15.355418,50.435145],[15.355378,50.435088],[15.355421,50.435076],[15.355461,50.435133]]]}},
{"type":"Feature","properties":{"id":"CP.1760189604","metadataproperty":null,"description_href":null,"description_title":null,"description_nilreason":null,"description":null,"descriptionreference_href":null,"descriptionreference_title":null,"descriptionreference_nilreason":null,"identifier_codespace":null,"identifier":null,"name":null,"location_location":null,"areavalue_nilreason":null,"areavalue_uom":"m2","areavalue_nil":false,"areavalue":11.0,"beginlifespanversion_nilreason":null,"beginlifespanversion":"2022-09-29T05:02:57","endlifespanversion_nilreason":"http://inspire.ec.europa.eu/codelist/VoidReasonValue/Unpopulated","endlifespanversion_nil":false,"endlifespanversion":null,"inspireid_identifier_localid":"CP.1760189604","inspireid_identifier_namespace":"CZ-00025712-CUZK_CP","inspireid_identifier_versionid_nilreason":null,"inspireid_identifier_versionid_nil":false,"inspireid_identifier_versionid":null,"label":"783/12","nationalcadastralreference":"659541-783/12","validfrom_nilreason":"http://inspire.ec.europa.eu/codelist/VoidReasonValue/Unpopulated","validfrom_nil":false,"validfrom":null,"validto_nilreason":null,"validto_nil":false,"validto":null,"basicpropertyunit":null,"administrativeunit_owns":false,"administrativeunit_href":"http://services.cuzk.cz/wfs/inspire-au-wfs.asp?service=WFS&VERSION=2.0.0&request=GetFeature&storedQuery_id=urn:ogc:def:query:OGC-WFS::GetFeatureById&Id=AU.572659","administrativeunit_title":"Jičín","administrativeunit_nilreason":null,"zoning_owns":false,"zoning_href":"http://services.cuzk.cz/wfs/inspire-cp-wfs.asp?service=WFS&VERSION=2.0.0&request=GetFeature&storedQuery_id=urn:ogc:def:query:OGC-WFS::GetFeatureById&Id=CZ.659541","zoning_title":"Jičín","zoning_nilreason":null},"geometry":{"type":"Polygon","coordinates":[[[15.355154,50.435368],[15.355141,50.435371],[15.355105,50.435295],[15.355125,50.43529],[15.355154,50.435368]]]}},
{"type":"Feature","properties":{"id":"CP.1760183604","metadataproperty":null,"description_href":null,"description_title":null,"description_nilreason":null,"description":null,"descriptionreference_href":null,"descriptionreference_title":null,"descriptionreference_nilreason":null,"identifier_codespace":null,"identifier":null,"name":null,"location_location":null,"areavalue_nilreason":null,"areavalue_uom":"m2","areavalue_nil":false,"areavalue":77.0,"beginlifespanversion_nilreason":null,"beginlifespanversion":"2022-09-29T05:02:57","endlifespanversion_nilreason":"http://inspire.ec.europa.eu/codelist/VoidReasonValue/Unpopulated","endlifespanversion_nil":false,"endlifespanversion":null,"inspireid_identifier_localid":"CP.1760183604","inspireid_identifier_namespace":"CZ-00025712-CUZK_CP","inspireid_identifier_versionid_nilreason":null,"inspireid_identifier_versionid_nil":false,"inspireid_identifier_versionid":null,"label":"783/4","nationalcadastralreference":"659541-783/4","validfrom_nilreason":"http://inspire.ec.europa.eu/codelist/VoidReasonValue/Unpopulated","validfrom_nil":false,"validfrom":null,"validto_nilreason":null,"validto_nil":false,"validto":null,"basicpropertyunit":null,"administrativeunit_owns":false,"administrativeunit_href":"http://services.cuzk.cz/wfs/inspire-au-wfs.asp?service=WFS&VERSION=2.0.0&request=GetFeature&storedQuery_id=urn:ogc:def:query:OGC-WFS::GetFeatureById&Id=AU.572659","administrativeunit_title":"Jičín","administrativeunit_nilreason":null,"zoning_owns":false,"zoning_href":"http://services.cuzk.cz/wfs/inspire-cp-wfs.asp?service=WFS&VERSION=2.0.0&request=GetFeature&storedQuery_id=urn:ogc:def:query:OGC-WFS::GetFeatureById&Id=CZ.659541","zoning_title":"Jičín","zoning_nilreason":null},"geometry":{"type":"Polygon","coordinates":[[[15.355125,50.43529],[15.355105,50.435295],[15.355141,50.435371],[15.355068,50.435388],[15.355009,50.435287],[15.355114,50.435261],[15.355125,50.43529]]]}},
{"type":"Feature","properties":{"id":"CP.1756346604","metadataproperty":null,"description_href":null,"description_title":null,"description_nilreason":null,"description":null,"descriptionreference_href":null,"descriptionreference_title":null,"descriptionreference_nilreason":null,"identifier_codespace":null,"identifier":null,"name":null,"location_location":null,"areavalue_nilreason":null,"areavalue_uom":"m2","areavalue_nil":false,"areavalue":23.0,"beginlifespanversion_nilreason":null,"beginlifespanversion":"2022-09-29T05:02:57","endlifespanversion_nilreason":"http://inspire.ec.europa.eu/codelist/VoidReasonValue/Unpopulated","endlifespanversion_nil":false,"endlifespanversion":null,"inspireid_identifier_localid":"CP.1756346604","inspireid_identifier_namespace":"CZ-00025712-CUZK_CP","inspireid_identifier_versionid_nilreason":null,"inspireid_identifier_versionid_nil":false,"inspireid_identifier_versionid":null,"label":"st. 2347","nationalcadastralreference":"659541-st. 2347","validfrom_nilreason":"http://inspire.ec.europa.eu/codelist/VoidReasonValue/Unpopulated","validfrom_nil":false,"validfrom":null,"validto_nilreason":null,"validto_nil":false,"validto":null,"basicpropertyunit":null,"administrativeunit_owns":false,"administrativeunit_href":"http://services.cuzk.cz/wfs/inspire-au-wfs.asp?service=WFS&VERSION=2.0.0&request=GetFeature&storedQuery_id=urn:ogc:def:query:OGC-WFS::GetFeatureById&Id=AU.572659","administrativeunit_title":"Jičín","administrativeunit_nilreason":null,"zoning_owns":false,"zoning_href":"http://services.cuzk.cz/wfs/inspire-cp-wfs.asp?service=WFS&VERSION=2.0.0&request=GetFeature&storedQuery_id=urn:ogc:def:query:OGC-WFS::GetFeatureById&Id=CZ.659541","zoning_title":"Jičín","zoning_nilreason":null},"geometry":{"type":"Polygon","coordinates":[[[15.355418,50.435145],[15.355375,50.435157],[15.355336,50.435101],[15.355378,50.435088],[15.355418,50.435145]]]}},
{"type":"Feature","properties":{"id":"CP.1761462604","metadataproperty":null,"description_href":null,"description_title":null,"description_nilreason":null,"description":null,"descriptionreference_href":null,"descriptionreference_title":null,"descriptionreference_nilreason":null,"identifier_codespace":null,"identifier":null,"name":null,"location_location":null,"areavalue_nilreason":null,"areavalue_uom":"m2","areavalue_nil":false,"areavalue":164.0,"beginlifespanversion_nilreason":null,"beginlifespanversion":"2022-09-29T05:02:57","endlifespanversion_nilreason":"http://inspire.ec.europa.eu/codelist/VoidReasonValue/Unpopulated","endlifespanversion_nil":false,"endlifespanversion":null,"inspireid_identifier_localid":"CP.1761462604","inspireid_identifier_namespace":"CZ-00025712-CUZK_CP","inspireid_identifier_versionid_nilreason":null,"inspireid_identifier_versionid_nil":false,"inspireid_identifier_versionid":null,"label":"1185/2","nationalcadastralreference":"659541-1185/2","validfrom_nilreason":"http://inspire.ec.europa.eu/codelist/VoidReasonValue/Unpopulated","validfrom_nil":false,"validfrom":null,"validto_nilreason":null,"validto_nil":false,"validto":null,"basicpropertyunit":null,"administrativeunit_owns":false,"administrativeunit_href":"http://services.cuzk.cz/wfs/inspire-au-wfs.asp?service=WFS&VERSION=2.0.0&request=GetFeature&storedQuery_id=urn:ogc:def:query:OGC-WFS::GetFeatureById&Id=AU.572659","administrativeunit_title":"Jičín","administrativeunit_nilreason":null,"zoning_owns":false,"zoning_href":"http://services.cuzk.cz/wfs/inspire-cp-wfs.asp?service=WFS&VERSION=2.0.0&request=GetFeature&storedQuery_id=urn:ogc:def:query:OGC-WFS::GetFeatureById&Id=CZ.659541","zoning_title":"Jičín","zoning_nilreason":null},"geometry":{"type":"Polygon","coordinates":[[[15.353901,50.434961],[15.353765,50.435025],[15.353624,50.435091],[15.353575,50.435114],[15.353337,50.435097],[15.353421,50.435077],[15.353901,50.434961]]]}},
{"type":"Feature","properties":{"id":"CP.1757867604","metadataproperty":null,"description_href":null,"description_title":null,"description_nilreason":null,"description":null,"descriptionreference_href":null,"descriptionreference_title":null,"descriptionreference_nilreason":null,"identifier_codespace":null,"identifier":null,"name":null,"location_location":null,"areavalue_nilreason":null,"areavalue_uom":"m2","areavalue_nil":false,"areavalue":130.0,"beginlifespanversion_nilreason":null,"beginlifespanversion":"2022-09-29T05:02:57","endlifespanversion_nilreason":"http://inspire.ec.europa.eu/codelist/VoidReasonValue/Unpopulated","endlifespanversion_nil":false,"endlifespanversion":null,"inspireid_identifier_localid":"CP.1757867604","inspireid_identifier_namespace":"CZ-00025712-CUZK_CP","inspireid_identifier_versionid_nilreason":null,"inspireid_identifier_versionid_nil":false,"inspireid_identifier_versionid":null,"label":"11","nationalcadastralreference":"659541-11","validfrom_nilreason":"http://inspire.ec.europa.eu/codelist/VoidReasonValue/Unpopulated","validfrom_nil":false,"validfrom":null,"validto_nilreason":null,"validto_nil":false,"validto":null,"basicpropertyunit":null,"administrativeunit_owns":false,"administrativeunit_href":"http://services.cuzk.cz/wfs/inspire-au-wfs.asp?service=WFS&VERSION=2.0.0&request=GetFeature&storedQuery_id=urn:ogc:def:query:OGC-WFS::GetFeatureById&Id=AU.572659","administrativeunit_title":"Jičín","administrativeunit_nilreason":null,"zoning_owns":false,"zoning_href":"http://services.cuzk.cz/wfs/inspire-cp-wfs.asp?service=WFS&VERSION=2.0.0&request=GetFeature&storedQuery_id=urn:ogc:def:query:OGC-WFS::GetFeatureById&Id=CZ.659541","zoning_title":"Jičín","zoning_nilreason":null},"geometry":{"type":"Polygon","coordinates":[[[15.353869,50.435158],[15.354024,50.435194],[15.354027,50.435275],[15.354012,50.435278],[15.353888,50.435278],[15.353861,50.435276],[15.353865,50.435212],[15.353869,50.435158]]]}},
{"type":"Feature","properties":{"id":"CP.1753734604","metadataproperty":null,"description_href":null,"description_title":null,"description_nilreason":null,"description":null,"descriptionreference_href":null,"descriptionreference_title":null,"descriptionreference_nilreason":null,"identifier_codespace":null,"identifier":null,"name":null,"location_location":null,"areavalue_nilreason":null,"areavalue_uom":"m2","areavalue_nil":false,"areavalue":143.0,"beginlifespanversion_nilreason":null,"beginlifespanversion":"2022-09-29T05:02:57","endlifespanversion_nilreason":"http://inspire.ec.europa.eu/codelist/VoidReasonValue/Unpopulated","endlifespanversion_nil":false,"endlifespanversion":null,"inspireid_identifier_localid":"CP.1753734604","inspireid_identifier_namespace":"CZ-00025712-CUZK_CP","inspireid_identifier_versionid_nilreason":null,"inspireid_identifier_versionid_nil":false,"inspireid_identifier_versionid":null,"label":"st. 567","nationalcadastralreference":"659541-st. 567","validfrom_nilreason":"http://inspire.ec.europa.eu/codelist/VoidReasonValue/Unpopulated","validfrom_nil":false,"validfrom":null,"validto_nilreason":null,"validto_nil":false,"validto":null,"basicpropertyunit":null,"administrativeunit_owns":false,"administrativeunit_href":"http://services.cuzk.cz/wfs/inspire-au-wfs.asp?service=WFS&VERSION=2.0.0&request=GetFeature&storedQuery_id=urn:ogc:def:query:OGC-WFS::GetFeatureById&Id=AU.572659","administrativeunit_title":"Jičín","administrativeunit_nilreason":null,"zoning_owns":false,"zoning_href":"http://services.cuzk.cz/wfs/inspire-cp-wfs.asp?service=WFS&VERSION=2.0.0&request=GetFeature&storedQuery_id=urn:ogc:def:query:OGC-WFS::GetFeatureById&Id=CZ.659541","zoning_title":"Jičín","zoning_nilreason":null},"geometry":{"type":"Polygon","coordinates":[[[15.3538,50.43539],[15.353753,50.43544],[15.353733,50.435473],[15.353671,50.435473],[15.353611,50.435476],[15.353619,50.435418],[15.353628,50.435355],[15.353687,50.435353],[15.353689,50.43535],[15.353756,50.435363],[15.353807,50.435365],[15.3538,50.43539]]]}},
{"type":"Feature","properties":{"id":"CP.1753733604","metadataproperty":null,"description_href":null,"description_title":null,"description_nilreason":null,"description":null,"descriptionreference_href":null,"descriptionreference_title":null,"descriptionreference_nilreason":null,"identifier_codespace":null,"identifier":null,"name":null,"location_location":null,"areavalue_nilreason":null,"areavalue_uom":"m2","areavalue_nil":false,"areavalue":186.0,"beginlifespanversion_nilreason":null,"beginlifespanversion":"2022-09-29T05:02:57","endlifespanversion_nilreason":"http://inspire.ec.europa.eu/codelist/VoidReasonValue/Unpopulated","endlifespanversion_nil":false,"endlifespanversion":null,"inspireid_identifier_localid":"CP.1753733604","inspireid_identifier_namespace":"CZ-00025712-CUZK_CP","inspireid_identifier_versionid_nilreason":null,"inspireid_identifier_versionid_nil":false,"inspireid_identifier_versionid":null,"label":"st. 566","nationalcadastralreference":"659541-st. 566","validfrom_nilreason":"http://inspire.ec.europa.eu/codelist/VoidReasonValue/Unpopulated","validfrom_nil":false,"validfrom":null,"validto_nilreason":null,"validto_nil":false,"validto":null,"basicpropertyunit":null,"administrativeunit_owns":false,"administrativeunit_href":"http://services.cuzk.cz/wfs/inspire-au-wfs.asp?service=WFS&VERSION=2.0.0&request=GetFeature&storedQuery_id=urn:ogc:def:query:OGC-WFS::GetFeatureById&Id=AU.572659","administrativeunit_title":"Jičín","administrativeunit_nilreason":null,"zoning_owns":false,"zoning_href":"http://services.cuzk.cz/wfs/inspire-cp-wfs.asp?service=WFS&VERSION=2.0.0&request=GetFeature&storedQuery_id=urn:ogc:def:query:OGC-WFS::GetFeatureById&Id=CZ.659541","zoning_title":"Jičín","zoning_nilreason":null},"geometry":{"type":"Polygon","coordinates":[[[15.354,50.435497],[15.353817,50.435483],[15.353818,50.43548],[15.353774,50.435477],[15.353733,50.435473],[15.353753,50.43544],[15.3538,50.43539],[15.353831,50.435391],[15.35388,50.435391],[15.354003,50.435401],[15.354011,50.435402],[15.354023,50.435403],[15.354,50.435497]]]}},
{"type":"Feature","properties":{"id":"CP.1753351604","metadataproperty":null,"description_href":null,"description_title":null,"description_nilreason":null,"description":null,"descriptionreference_href":null,"descriptionreference_title":null,"descriptionreference_nilreason":null,"identifier_codespace":null,"identifier":null,"name":null,"location_location":null,"areavalue_nilreason":null,"areavalue_uom":"m2","areavalue_nil":false,"areavalue":164.0,"beginlifespanversion_nilreason":null,"beginlifespanversion":"2022-09-29T05:02:57","endlifespanversion_nilreason":"http://inspire.ec.europa.eu/codelist/VoidReasonValue/Unpopulated","endlifespanversion_nil":false,"endlifespanversion":null,"inspireid_identifier_localid":"CP.1753351604","inspireid_identifier_namespace":"CZ-00025712-CUZK_CP","inspireid_identifier_versionid_nilreason":null,"inspireid_identifier_versionid_nil":false,"inspireid_identifier_versionid":null,"label":"st. 130","nationalcadastralreference":"659541-st. 130","validfrom_nilreason":"http://inspire.ec.europa.eu/codelist/VoidReasonValue/Unpopulated","validfrom_nil":false,"validfrom":null,"validto_nilreason":null,"validto_nil":false,"validto":null,"basicpropertyunit":null,"administrativeunit_owns":false,"administrativeunit_href":"http://services.cuzk.cz/wfs/inspire-au-wfs.asp?service=WFS&VERSION=2.0.0&request=GetFeature&storedQuery_id=urn:ogc:def:query:OGC-WFS::GetFeatureById&Id=AU.572659","administrativeunit_title":"Jičín","administrativeunit_nilreason":null,"zoning_owns":false,"zoning_href":"http://services.cuzk.cz/wfs/inspire-cp-wfs.asp?service=WFS&VERSION=2.0.0&request=GetFeature&storedQuery_id=urn:ogc:def:query:OGC-WFS::GetFeatureById&Id=CZ.659541","zoning_title":"Jičín","zoning_nilreason":null},"geometry":{"type":"Polygon","coordinates":[[[15.35388,50.435391],[15.353831,50.435391],[15.3538,50.43539],[15.353807,50.435365],[15.353861,50.435367],[15.353863,50.435315],[15.353861,50.435276],[15.353888,50.435278],[15.354012,50.435278],[15.354027,50.435275],[15.354023,50.435403],[15.354011,50.435402],[15.354003,50.435401],[15.35388,50.435391]]]}},
{"type":"Feature","properties":{"id":"CP.1753349604","metadataproperty":null,"description_href":null,"description_title":null,"description_nilreason":null,"description":null,"descriptionreference_href":null,"descriptionreference_title":null,"descriptionreference_nilreason":null,"identifier_codespace":null,"identifier":null,"name":null,"location_location":null,"areavalue_nilreason":null,"areavalue_uom":"m2","areavalue_nil":false,"areavalue":134.0,"beginlifespanversion_nilreason":null,"beginlifespanversion":"2022-09-29T05:02:57","endlifespanversion_nilreason":"http://inspire.ec.europa.eu/codelist/VoidReasonValue/Unpopulated","endlifespanversion_nil":false,"endlifespanversion":null,"inspireid_identifier_localid":"CP.1753349604","inspireid_identifier_namespace":"CZ-00025712-CUZK_CP","inspireid_identifier_versionid_nilreason":null,"inspireid_identifier_versionid_nil":false,"inspireid_identifier_versionid":null,"label":"st. 126","nationalcadastralreference":"659541-st. 126","validfrom_nilreason":"http://inspire.ec.europa.eu/codelist/VoidReasonValue/Unpopulated","validfrom_nil":false,"validfrom":null,"validto_nilreason":null,"validto_nil":false,"validto":null,"basicpropertyunit":null,"administrativeunit_owns":false,"administrativeunit_href":"http://services.cuzk.cz/wfs/inspire-au-wfs.asp?service=WFS&VERSION=2.0.0&request=GetFeature&storedQuery_id=urn:ogc:def:query:OGC-WFS::GetFeatureById&Id=AU.572659","administrativeunit_title":"Jičín","administrativeunit_nilreason":null,"zoning_owns":false,"zoning_href":"http://services.cuzk.cz/wfs/inspire-cp-wfs.asp?service=WFS&VERSION=2.0.0&request=GetFeature&storedQuery_id=urn:ogc:def:query:OGC-WFS::GetFeatureById&Id=CZ.659541","zoning_title":"Jičín","zoning_nilreason":null},"geometry":{"type":"Polygon","coordinates":[[[15.353716,50.435684],[15.353611,50.435678],[15.353583,50.435676],[15.353586,50.435655],[15.353592,50.435617],[15.353596,50.435586],[15.353598,50.435568],[15.353605,50.435569],[15.353725,50.435575],[15.353743,50.435572],[15.353747,50.435572],[15.353745,50.435683],[15.353716,50.435684]]]}},
{"type":"Feature","properties":{"id":"CP.1757861604","metadataproperty":null,"description_href":null,"description_title":null,"description_nilreason":null,"description":null,"descriptionreference_href":null,"descriptionreference_title":null,"descriptionreference_nilreason":null,"identifier_codespace":null,"identifier":null,"name":null,"location_location":null,"areavalue_nilreason":null,"areavalue_uom":"m2","areavalue_nil":false,"areavalue":634.0,"beginlifespanversion_nilreason":null,"beginlifespanversion":"2022-09-29T05:02:57","endlifespanversion_nilreason":"http://inspire.ec.europa.eu/codelist/VoidReasonValue/Unpopulated","endlifespanversion_nil":false,"endlifespanversion":null,"inspireid_identifier_localid":"CP.1757861604","inspireid_identifier_namespace":"CZ-00025712-CUZK_CP","inspireid_identifier_versionid_nilreason":null,"inspireid_identifier_versionid_nil":false,"inspireid_identifier_versionid":null,"label":"3","nationalcadastralreference":"659541-3","validfrom_nilreason":"http://inspire.ec.europa.eu/codelist/VoidReasonValue/Unpopulated","validfrom_nil":false,"validfrom":null,"validto_nilreason":null,"validto_nil":false,"validto":null,"basicpropertyunit":null,"administrativeunit_owns":false,"administrativeunit_href":"http://services.cuzk.cz/wfs/inspire-au-wfs.asp?service=WFS&VERSION=2.0.0&request=GetFeature&storedQuery_id=urn:ogc:def:query:OGC-WFS::GetFeatureById&Id=AU.572659","administrativeunit_title":"Jičín","administrativeunit_nilreason":null,"zoning_owns":false,"zoning_href":"http://services.cuzk.cz/wfs/inspire-cp-wfs.asp?service=WFS&VERSION=2.0.0&request=GetFeature&storedQuery_id=urn:ogc:def:query:OGC-WFS::GetFeatureById&Id=CZ.659541","zoning_title":"Jičín","zoning_nilreason":null},"geometry":{"type":"Polygon","coordinates":[[[15.353119,50.435581],[15.353189,50.435586],[15.353335,50.435601],[15.353333,50.435607],[15.353272,50.435968],[15.353271,50.435972],[15.353096,50.435959],[15.353099,50.435945],[15.353063,50.435943],[15.353118,50.435587],[15.353119,50.435581]]]}},
{"type":"Feature","properties":{"id":"CP.1753353604","metadataproperty":null,"description_href":null,"description_title":null,"description_nilreason":null,"description":null,"descriptionreference_href":null,"descriptionreference_title":null,"descriptionreference_nilreason":null,"identifier_codespace":null,"identifier":null,"name":null,"location_location":null,"areavalue_nilreason":null,"areavalue_uom":"m2","areavalue_nil":false,"areavalue":296.0,"beginlifespanversion_nilreason":null,"beginlifespanversion":"2022-09-29T05:02:57","endlifespanversion_nilreason":"http://inspire.ec.europa.eu/codelist/VoidReasonValue/Unpopulated","endlifespanversion_nil":false,"endlifespanversion":null,"inspireid_identifier_localid":"CP.1753353604","inspireid_identifier_namespace":"CZ-00025712-CUZK_CP","inspireid_identifier_versionid_nilreason":null,"inspireid_identifier_versionid_nil":false,"inspireid_identifier_versionid":null,"label":"st. 138","nationalcadastralreference":"659541-st. 138","validfrom_nilreason":"http://inspire.ec.europa.eu/codelist/VoidReasonValue/Unpopulated","validfrom_nil":false,"validfrom":null,"validto_nilreason":null,"validto_nil":false,"validto":null,"basicpropertyunit":null,"administrativeunit_owns":false,"administrativeunit_href":"http://services.cuzk.cz/wfs/inspire-au-wfs.asp?service=WFS&VERSION=2.0.0&request=GetFeature&storedQuery_id=urn:ogc:def:query:OGC-WFS::GetFeatureById&Id=AU.572659","administrativeunit_title":"Jičín","administrativeunit_nilreason":null,"zoning_owns":false,"zoning_href":"http://services.cuzk.cz/wfs/inspire-cp-wfs.asp?service=WFS&VERSION=2.0.0&request=GetFeature&storedQuery_id=urn:ogc:def:query:OGC-WFS::GetFeatureById&Id=CZ.659541","zoning_title":"Jičín","zoning_nilreason":null},"geometry":{"type":"Polygon","coordinates":[[[15.354519,50.435821],[15.35437,50.435875],[15.354292,50.435896],[15.354204,50.435759],[15.354225,50.435752],[15.354249,50.435744],[15.354274,50.435736],[15.354421,50.435687],[15.354519,50.435821]]]}},
{"type":"Feature","properties":{"id":"CP.1753732604","metadataproperty":null,"description_href":null,"description_title":null,"description_nilreason":null,"description":null,"descriptionreference_href":null,"descriptionreference_title":null,"descriptionreference_nilreason":null,"identifier_codespace":null,"identifier":null,"name":null,"location_location":null,"areavalue_nilreason":null,"areavalue_uom":"m2","areavalue_nil":false,"areavalue":535.0,"beginlifespanversion_nilreason":null,"beginlifespanversion":"2022-09-29T05:02:57","endlifespanversion_nilreason":"http://inspire.ec.europa.eu/codelist/VoidReasonValue/Unpopulated","endlifespanversion_nil":false,"endlifespanversion":null,"inspireid_identifier_localid":"CP.1753732604","inspireid_identifier_namespace":"CZ-00025712-CUZK_CP","inspireid_identifier_versionid_nilreason":null,"inspireid_identifier_versionid_nil":false,"inspireid_identifier_versionid":null,"label":"st. 565","nationalcadastralreference":"659541-st. 565","validfrom_nilreason":"http://inspire.ec.europa.eu/codelist/VoidReasonValue/Unpopulated","validfrom_nil":false,"validfrom":null,"validto_nilreason":null,"validto_nil":false,"validto":null,"basicpropertyunit":null,"administrativeunit_owns":false,"administrativeunit_href":"http://services.cuzk.cz/wfs/inspire-au-wfs.asp?service=WFS&VERSION=2.0.0&request=GetFeature&storedQuery_id=urn:ogc:def:query:OGC-WFS::GetFeatureById&Id=AU.572659","administrativeunit_title":"Jičín","administrativeunit_nilreason":null,"zoning_owns":false,"zoning_href":"http://services.cuzk.cz/wfs/inspire-cp-wfs.asp?service=WFS&VERSION=2.0.0&request=GetFeature&storedQuery_id=urn:ogc:def:query:OGC-WFS::GetFeatureById&Id=CZ.659541","zoning_title":"Jičín","zoning_nilreason":null},"geometry":{"type":"Polygon","coordinates":[[[15.354796,50.435452],[15.354737,50.435467],[15.354664,50.435486],[15.354645,50.435488],[15.354497,50.43551],[15.354418,50.435399],[15.354443,50.435392],[15.354573,50.435387],[15.354614,50.435377],[15.35464,50.435372],[15.354643,50.435371],[15.35476,50.435344],[15.354786,50.435339],[15.354929,50.435306],[15.355009,50.435287],[15.355068,50.435388],[15.354912,50.435423],[15.35483,50.435444],[15.354796,50.435452]]]}},
{"type":"Feature","properties":{"id":"CP.1753730604","metadataproperty":null,"description_href":null,"description_title":null,"description_nilreason":null,"description":null,"descriptionreference_href":null,"descriptionreference_title":null,"descriptionreference_nilreason":null,"identifier_codespace":null,"identifier":null,"name":null,"location_location":null,"areavalue_nilreason":null,"areavalue_uom":"m2","areavalue_nil":false,"areavalue":274.0,"beginlifespanversion_nilreason":null,"beginlifespanversion":"2022-09-29T05:02:57","endlifespanversion_nilreason":"http://inspire.ec.europa.eu/codelist/VoidReasonValue/Unpopulated","endlifespanversion_nil":false,"endlifespanversion":null,"inspireid_identifier_localid":"CP.1753730604","inspireid_identifier_namespace":"CZ-00025712-CUZK_CP","inspireid_identifier_versionid_nilreason":null,"inspireid_identifier_versionid_nil":false,"inspireid_identifier_versionid":null,"label":"st. 562","nationalcadastralreference":"659541-st. 562","validfrom_nilreason":"http://inspire.ec.europa.eu/codelist/VoidReasonValue/Unpopulated","validfrom_nil":false,"validfrom":null,"validto_nilreason":null,"validto_nil":false,"validto":null,"basicpropertyunit":null,"administrativeunit_owns":false,"administrativeunit_href":"http://services.cuzk.cz/wfs/inspire-au-wfs.asp?service=WFS&VERSION=2.0.0&request=GetFeature&storedQuery_id=urn:ogc:def:query:OGC-WFS::GetFeatureById&Id=AU.572659","administrativeunit_title":"Jičín","administrativeunit_nilreason":null,"zoning_owns":false,"zoning_href":"http://services.cuzk.cz/wfs/inspire-cp-wfs.asp?service=WFS&VERSION=2.0.0&request=GetFeature&storedQuery_id=urn:ogc:def:query:OGC-WFS::GetFeatureById&Id=CZ.659541","zoning_title":"Jičín","zoning_nilreason":null},"geometry":{"type":"Polygon","coordinates":[[[15.354798,50.435656],[15.354786,50.435659],[15.354623,50.435689],[15.354559,50.435597],[15.354717,50.435563],[15.354741,50.435558],[15.354841,50.435534],[15.354874,50.435526],[15.35492,50.435609],[15.354939,50.435633],[15.354931,50.435634],[15.354875,50.435644],[15.354849,50.435648],[15.35483,50.435651],[15.354798,50.435656]]]}}
]
}
